﻿<?xml version="1.0" encoding="utf-8"?>
<Profile xmlns:xsd="http://www.w3.org/2001/XMLSchema" xmlns:xsi="http://www.w3.org/2001/XMLSchema-instance" Version="2" xmlns="http://www.fsgs.com/SPAD">
  <Devices>
    <Device VendorID="0x06A3" ProductID="0x0D05" DevicePath="\\?\hid#vid_06a3&amp;pid_0d05#8&amp;3098b639&amp;0&amp;0000#{4d1e55b2-f16f-11cf-88cb-001111000030}" Serial="" DeviceIndex="0" Version="3">
      <DevicePage ID="72c73483-060e-4a22-94be-a6d0c6e32179" IsDefaultPage="true" Name="Default">
        <Events>
          <Event BoundTo="RADIOPANEL_UPPER_SELECTOR_COM2">
            <EventDefinitions>
              <EventDefinition Trigger="TUNER_INNER_CLOCKWISE">
                <EventActions>
                  <EventActionChangeValue TargetDataDefinition="SIMCONNECT:COM STANDBY FREQUENCY:2" Value="0.025" ValueOperation="Increment" />
                </EventActions>
              </EventDefinition>
              <EventDefinition Trigger="TUNER_INNER_COUNTERCLOCKWISE">
                <EventActions>
                  <EventActionChangeValue TargetDataDefinition="SIMCONNECT:COM STANDBY FREQUENCY:2" Value="0.025" ValueOperation="Decrement" />
                </EventActions>
              </EventDefinition>
              <EventDefinition Trigger="TUNER_OUTER_CLOCKWISE">
                <EventActions>
                  <EventActionChangeValue TargetDataDefinition="SIMCONNECT:COM STANDBY FREQUENCY:2" Value="1" ValueOperation="Increment" />
                </EventActions>
              </EventDefinition>
              <EventDefinition Trigger="TUNER_OUTER_COUNTERCLOCKWISE">
                <EventActions>
                  <EventActionChangeValue TargetDataDefinition="SIMCONNECT:COM STANDBY FREQUENCY:2" Value="1" ValueOperation="Decrement" />
                </EventActions>
              </EventDefinition>
              <EventDefinition Trigger="LEFTDISPLAY">
                <EventActions>
                  <EventActionDisplayValue TargetDataDefinition="SIMCONNECT:COM ACTIVE FREQUENCY:2" />
                </EventActions>
              </EventDefinition>
              <EventDefinition Trigger="RIGHTDISPLAY">
                <EventActions>
                  <EventActionDisplayValue TargetDataDefinition="SIMCONNECT:COM STANDBY FREQUENCY:2" />
                </EventActions>
              </EventDefinition>
              <EventDefinition Trigger="ACTIVATESHORT">
                <EventActions>
                  <EventActionControl TargetDataDefinition="SIMCONNECT:COM2_RADIO_SWAP" />
                </EventActions>
              </EventDefinition>
            </EventDefinitions>
            <Options>
              <Option Key="TUNER_INNER_SENSITIVITY" Value="100" />
              <Option Key="TUNER_OUTER_SENSITIVITY" Value="100" />
              <Option Key="TUNER_MULTIPLY_1" Value="1" />
              <Option Key="TUNER_MULTIPLY_2" Value="2" />
              <Option Key="TUNER_MULTIPLY_3" Value="3" />
            </Options>
          </Event>
          <Event BoundTo="RADIOPANEL_UPPER_SELECTOR_NAV2">
            <EventDefinitions>
              <EventDefinition Trigger="TUNER_INNER_CLOCKWISE">
                <EventActions>
                  <EventActionChangeValue TargetDataDefinition="SIMCONNECT:NAV STANDBY FREQUENCY:2" Value="0.05" ValueOperation="Increment" />
                </EventActions>
              </EventDefinition>
              <EventDefinition Trigger="TUNER_INNER_COUNTERCLOCKWISE">
                <EventActions>
                  <EventActionChangeValue TargetDataDefinition="SIMCONNECT:NAV STANDBY FREQUENCY:2" Value="0.05" ValueOperation="Decrement" />
                </EventActions>
              </EventDefinition>
              <EventDefinition Trigger="TUNER_OUTER_CLOCKWISE">
                <EventActions>
                  <EventActionChangeValue TargetDataDefinition="SIMCONNECT:NAV STANDBY FREQUENCY:2" Value="1" ValueOperation="Increment" />
                </EventActions>
              </EventDefinition>
              <EventDefinition Trigger="TUNER_OUTER_COUNTERCLOCKWISE">
                <EventActions>
                  <EventActionChangeValue TargetDataDefinition="SIMCONNECT:NAV STANDBY FREQUENCY:2" Value="1" ValueOperation="Decrement" />
                </EventActions>
              </EventDefinition>
              <EventDefinition Trigger="LEFTDISPLAY">
                <EventActions>
                  <EventActionDisplayValue TargetDataDefinition="SIMCONNECT:NAV ACTIVE FREQUENCY:2" />
                </EventActions>
              </EventDefinition>
              <EventDefinition Trigger="RIGHTDISPLAY">
                <EventActions>
                  <EventActionDisplayValue TargetDataDefinition="SIMCONNECT:NAV STANDBY FREQUENCY:2" />
                </EventActions>
              </EventDefinition>
              <EventDefinition Trigger="ACTIVATESHORT">
                <EventActions>
                  <EventActionControl TargetDataDefinition="SIMCONNECT:NAV2_RADIO_SWAP" />
                </EventActions>
              </EventDefinition>
              <EventDefinition Trigger="ACTIVATELONG">
                <EventActions>
                  <EventActionChangeValue TargetDataDefinition="SIMCONNECT:NAV SOUND:2" Value="1" />
                </EventActions>
              </EventDefinition>
            </EventDefinitions>
            <Options>
              <Option Key="TUNER_INNER_SENSITIVITY" Value="100" />
              <Option Key="TUNER_OUTER_SENSITIVITY" Value="100" />
              <Option Key="TUNER_MULTIPLY_1" Value="1" />
              <Option Key="TUNER_MULTIPLY_2" Value="2" />
              <Option Key="TUNER_MULTIPLY_3" Value="3" />
            </Options>
          </Event>
          <Event BoundTo="RADIOPANEL_UPPER_SELECTOR_NAV1">
            <EventDefinitions>
              <EventDefinition Trigger="TUNER_INNER_CLOCKWISE">
                <EventActions>
                  <EventActionChangeValue TargetDataDefinition="SIMCONNECT:NAV STANDBY FREQUENCY:1" Value="0.05" ValueOperation="Increment" />
                </EventActions>
              </EventDefinition>
              <EventDefinition Trigger="TUNER_INNER_COUNTERCLOCKWISE">
                <EventActions>
                  <EventActionChangeValue TargetDataDefinition="SIMCONNECT:NAV STANDBY FREQUENCY:1" Value="0.05" ValueOperation="Decrement" />
                </EventActions>
              </EventDefinition>
              <EventDefinition Trigger="TUNER_OUTER_CLOCKWISE">
                <EventActions>
                  <EventActionChangeValue TargetDataDefinition="SIMCONNECT:NAV STANDBY FREQUENCY:1" Value="1" ValueOperation="Increment" />
                </EventActions>
              </EventDefinition>
              <EventDefinition Trigger="TUNER_OUTER_COUNTERCLOCKWISE">
                <EventActions>
                  <EventActionChangeValue TargetDataDefinition="SIMCONNECT:NAV STANDBY FREQUENCY:1" Value="1" ValueOperation="Decrement" />
                </EventActions>
              </EventDefinition>
              <EventDefinition Trigger="LEFTDISPLAY">
                <EventActions>
                  <EventActionDisplayValue TargetDataDefinition="SIMCONNECT:NAV ACTIVE FREQUENCY:1" />
                </EventActions>
              </EventDefinition>
              <EventDefinition Trigger="RIGHTDISPLAY">
                <EventActions>
                  <EventActionDisplayValue TargetDataDefinition="SIMCONNECT:NAV STANDBY FREQUENCY:1" />
                </EventActions>
              </EventDefinition>
              <EventDefinition Trigger="ACTIVATESHORT">
                <EventActions>
                  <EventActionControl TargetDataDefinition="SIMCONNECT:NAV1_RADIO_SWAP" />
                </EventActions>
              </EventDefinition>
              <EventDefinition Trigger="ACTIVATELONG">
                <EventActions>
                  <EventActionChangeValue TargetDataDefinition="SIMCONNECT:NAV SOUND:1" Value="1" />
                </EventActions>
              </EventDefinition>
            </EventDefinitions>
            <Options>
              <Option Key="TUNER_INNER_SENSITIVITY" Value="100" />
              <Option Key="TUNER_OUTER_SENSITIVITY" Value="100" />
              <Option Key="TUNER_MULTIPLY_1" Value="1" />
              <Option Key="TUNER_MULTIPLY_2" Value="2" />
              <Option Key="TUNER_MULTIPLY_3" Value="3" />
            </Options>
          </Event>
          <Event BoundTo="RADIOPANEL_UPPER_SELECTOR_XPDR">
            <EventDefinitions>
              <EventDefinition Trigger="TUNER_INNER_CLOCKWISE">
                <EventActions>
                  <EventActionChangeValue TargetDataDefinition="SIMCONNECT:TRANSPONDER CODE:1" Value="1" ValueOperation="Increment" />
                </EventActions>
              </EventDefinition>
              <EventDefinition Trigger="TUNER_INNER_COUNTERCLOCKWISE">
                <EventActions>
                  <EventActionChangeValue TargetDataDefinition="SIMCONNECT:TRANSPONDER CODE:1" Value="1" ValueOperation="Decrement" />
                </EventActions>
              </EventDefinition>
              <EventDefinition Trigger="TUNER_OUTER_CLOCKWISE">
                <EventActions>
                  <EventActionChangeValue TargetDataDefinition="SIMCONNECT:KOHLSMAN SETTING MB" Value="1" ValueOperation="Increment" />
                </EventActions>
              </EventDefinition>
              <EventDefinition Trigger="TUNER_OUTER_COUNTERCLOCKWISE">
                <EventActions>
                  <EventActionChangeValue TargetDataDefinition="SIMCONNECT:KOHLSMAN SETTING MB" Value="1" ValueOperation="Decrement" />
                </EventActions>
              </EventDefinition>
              <EventDefinition Trigger="LEFTDISPLAY">
                <EventActions>
                  <EventActionDisplayValue TargetDataDefinition="SIMCONNECT:KOHLSMAN SETTING MB" />
                </EventActions>
              </EventDefinition>
              <EventDefinition Trigger="RIGHTDISPLAY">
                <EventActions>
                  <EventActionDisplayValue TargetDataDefinition="SIMCONNECT:TRANSPONDER CODE:1" />
                </EventActions>
              </EventDefinition>
              <EventDefinition Trigger="ACTIVATESHORT">
                <EventActions>
                  <EventActionCommand CommandName="DIGITMARK" />
                </EventActions>
              </EventDefinition>
              <EventDefinition Trigger="ACTIVATELONG">
                <EventActions>
                  <EventActionControl TargetDataDefinition="SIMCONNECT:BAROMETRIC_STD_PRESSURE" />
                </EventActions>
              </EventDefinition>
            </EventDefinitions>
            <Options>
              <Option Key="TUNER_INNER_SENSITIVITY" Value="100" />
              <Option Key="TUNER_OUTER_SENSITIVITY" Value="100" />
              <Option Key="TUNER_MULTIPLY_1" Value="1" />
              <Option Key="TUNER_MULTIPLY_2" Value="2" />
              <Option Key="TUNER_MULTIPLY_3" Value="3" />
            </Options>
          </Event>
          <Event BoundTo="RADIOPANEL_LOWER_SELECTOR_COM1">
            <EventDefinitions>
              <EventDefinition Trigger="TUNER_INNER_CLOCKWISE">
                <EventActions>
                  <EventActionChangeValue TargetDataDefinition="SIMCONNECT:COM STANDBY FREQUENCY:1" Value="0.025" ValueOperation="Increment" />
                </EventActions>
              </EventDefinition>
              <EventDefinition Trigger="TUNER_INNER_COUNTERCLOCKWISE">
                <EventActions>
                  <EventActionChangeValue TargetDataDefinition="SIMCONNECT:COM STANDBY FREQUENCY:1" Value="0.025" ValueOperation="Decrement" />
                </EventActions>
              </EventDefinition>
              <EventDefinition Trigger="TUNER_OUTER_CLOCKWISE">
                <EventActions>
                  <EventActionChangeValue TargetDataDefinition="SIMCONNECT:COM STANDBY FREQUENCY:1" Value="1" ValueOperation="Increment" />
                </EventActions>
              </EventDefinition>
              <EventDefinition Trigger="TUNER_OUTER_COUNTERCLOCKWISE">
                <EventActions>
                  <EventActionChangeValue TargetDataDefinition="SIMCONNECT:COM STANDBY FREQUENCY:1" Value="1" ValueOperation="Decrement" />
                </EventActions>
              </EventDefinition>
              <EventDefinition Trigger="LEFTDISPLAY">
                <EventActions>
                  <EventActionDisplayValue TargetDataDefinition="SIMCONNECT:COM ACTIVE FREQUENCY:1" />
                </EventActions>
              </EventDefinition>
              <EventDefinition Trigger="RIGHTDISPLAY">
                <EventActions>
                  <EventActionDisplayValue TargetDataDefinition="SIMCONNECT:COM STANDBY FREQUENCY:1" />
                </EventActions>
              </EventDefinition>
              <EventDefinition Trigger="ACTIVATESHORT">
                <EventActions>
                  <EventActionControl TargetDataDefinition="SIMCONNECT:COM_STBY_RADIO_SWAP" />
                </EventActions>
              </EventDefinition>
            </EventDefinitions>
            <Options>
              <Option Key="TUNER_INNER_SENSITIVITY" Value="100" />
              <Option Key="TUNER_OUTER_SENSITIVITY" Value="100" />
              <Option Key="TUNER_MULTIPLY_1" Value="1" />
              <Option Key="TUNER_MULTIPLY_2" Value="2" />
              <Option Key="TUNER_MULTIPLY_3" Value="3" />
            </Options>
          </Event>
          <Event BoundTo="RADIOPANEL_LOWER_SELECTOR_COM2">
            <EventDefinitions>
              <EventDefinition Trigger="TUNER_INNER_CLOCKWISE">
                <EventActions>
                  <EventActionChangeValue TargetDataDefinition="SIMCONNECT:COM STANDBY FREQUENCY:2" Value="0.025" ValueOperation="Increment" />
                </EventActions>
              </EventDefinition>
              <EventDefinition Trigger="TUNER_INNER_COUNTERCLOCKWISE">
                <EventActions>
                  <EventActionChangeValue TargetDataDefinition="SIMCONNECT:COM STANDBY FREQUENCY:2" Value="0.025" ValueOperation="Decrement" />
                </EventActions>
              </EventDefinition>
              <EventDefinition Trigger="TUNER_OUTER_CLOCKWISE">
                <EventActions>
                  <EventActionChangeValue TargetDataDefinition="SIMCONNECT:COM STANDBY FREQUENCY:2" Value="1" ValueOperation="Increment" />
                </EventActions>
              </EventDefinition>
              <EventDefinition Trigger="TUNER_OUTER_COUNTERCLOCKWISE">
                <EventActions>
                  <EventActionChangeValue TargetDataDefinition="SIMCONNECT:COM STANDBY FREQUENCY:2" Value="1" ValueOperation="Decrement" />
                </EventActions>
              </EventDefinition>
              <EventDefinition Trigger="LEFTDISPLAY">
                <EventActions>
                  <EventActionDisplayValue TargetDataDefinition="SIMCONNECT:COM ACTIVE FREQUENCY:2" />
                </EventActions>
              </EventDefinition>
              <EventDefinition Trigger="RIGHTDISPLAY">
                <EventActions>
                  <EventActionDisplayValue TargetDataDefinition="SIMCONNECT:COM STANDBY FREQUENCY:2" />
                </EventActions>
              </EventDefinition>
              <EventDefinition Trigger="ACTIVATESHORT">
                <EventActions>
                  <EventActionControl TargetDataDefinition="SIMCONNECT:COM2_RADIO_SWAP" />
                </EventActions>
              </EventDefinition>
            </EventDefinitions>
            <Options>
              <Option Key="TUNER_INNER_SENSITIVITY" Value="100" />
              <Option Key="TUNER_OUTER_SENSITIVITY" Value="100" />
              <Option Key="TUNER_MULTIPLY_1" Value="1" />
              <Option Key="TUNER_MULTIPLY_2" Value="2" />
              <Option Key="TUNER_MULTIPLY_3" Value="3" />
            </Options>
          </Event>
          <Event BoundTo="RADIOPANEL_LOWER_SELECTOR_NAV2">
            <EventDefinitions>
              <EventDefinition Trigger="TUNER_INNER_CLOCKWISE">
                <EventActions>
                  <EventActionChangeValue TargetDataDefinition="SIMCONNECT:NAV STANDBY FREQUENCY:2" Value="0.05" ValueOperation="Increment" />
                </EventActions>
              </EventDefinition>
              <EventDefinition Trigger="TUNER_INNER_COUNTERCLOCKWISE">
                <EventActions>
                  <EventActionChangeValue TargetDataDefinition="SIMCONNECT:NAV STANDBY FREQUENCY:2" Value="0.05" ValueOperation="Decrement" />
                </EventActions>
              </EventDefinition>
              <EventDefinition Trigger="TUNER_OUTER_CLOCKWISE">
                <EventActions>
                  <EventActionChangeValue TargetDataDefinition="SIMCONNECT:NAV STANDBY FREQUENCY:2" Value="1" ValueOperation="Increment" />
                </EventActions>
              </EventDefinition>
              <EventDefinition Trigger="TUNER_OUTER_COUNTERCLOCKWISE">
                <EventActions>
                  <EventActionChangeValue TargetDataDefinition="SIMCONNECT:NAV STANDBY FREQUENCY:2" Value="1" ValueOperation="Decrement" />
                </EventActions>
              </EventDefinition>
              <EventDefinition Trigger="LEFTDISPLAY">
                <EventActions>
                  <EventActionDisplayValue TargetDataDefinition="SIMCONNECT:NAV ACTIVE FREQUENCY:2" />
                </EventActions>
              </EventDefinition>
              <EventDefinition Trigger="RIGHTDISPLAY">
                <EventActions>
                  <EventActionDisplayValue TargetDataDefinition="SIMCONNECT:NAV STANDBY FREQUENCY:2" />
                </EventActions>
              </EventDefinition>
              <EventDefinition Trigger="ACTIVATESHORT">
                <EventActions>
                  <EventActionControl TargetDataDefinition="SIMCONNECT:NAV2_RADIO_SWAP" />
                </EventActions>
              </EventDefinition>
              <EventDefinition Trigger="ACTIVATELONG">
                <EventActions>
                  <EventActionChangeValue TargetDataDefinition="SIMCONNECT:NAV SOUND:2" Value="1" />
                </EventActions>
              </EventDefinition>
            </EventDefinitions>
            <Options>
              <Option Key="TUNER_INNER_SENSITIVITY" Value="100" />
              <Option Key="TUNER_OUTER_SENSITIVITY" Value="100" />
              <Option Key="TUNER_MULTIPLY_1" Value="1" />
              <Option Key="TUNER_MULTIPLY_2" Value="2" />
              <Option Key="TUNER_MULTIPLY_3" Value="3" />
            </Options>
          </Event>
          <Event BoundTo="RADIOPANEL_LOWER_SELECTOR_NAV1">
            <EventDefinitions>
              <EventDefinition Trigger="TUNER_INNER_CLOCKWISE">
                <EventActions>
                  <EventActionChangeValue TargetDataDefinition="SIMCONNECT:NAV STANDBY FREQUENCY:1" Value="0.05" ValueOperation="Increment" />
                </EventActions>
              </EventDefinition>
              <EventDefinition Trigger="TUNER_INNER_COUNTERCLOCKWISE">
                <EventActions>
                  <EventActionChangeValue TargetDataDefinition="SIMCONNECT:NAV STANDBY FREQUENCY:1" Value="0.05" ValueOperation="Decrement" />
                </EventActions>
              </EventDefinition>
              <EventDefinition Trigger="TUNER_OUTER_CLOCKWISE">
                <EventActions>
                  <EventActionChangeValue TargetDataDefinition="SIMCONNECT:NAV STANDBY FREQUENCY:1" Value="1" ValueOperation="Increment" />
                </EventActions>
              </EventDefinition>
              <EventDefinition Trigger="TUNER_OUTER_COUNTERCLOCKWISE">
                <EventActions>
                  <EventActionChangeValue TargetDataDefinition="SIMCONNECT:NAV STANDBY FREQUENCY:1" Value="1" ValueOperation="Decrement" />
                </EventActions>
              </EventDefinition>
              <EventDefinition Trigger="LEFTDISPLAY">
                <EventActions>
                  <EventActionDisplayValue TargetDataDefinition="SIMCONNECT:NAV ACTIVE FREQUENCY:1" />
                </EventActions>
              </EventDefinition>
              <EventDefinition Trigger="RIGHTDISPLAY">
                <EventActions>
                  <EventActionDisplayValue TargetDataDefinition="SIMCONNECT:NAV STANDBY FREQUENCY:1" />
                </EventActions>
              </EventDefinition>
              <EventDefinition Trigger="ACTIVATESHORT">
                <EventActions>
                  <EventActionControl TargetDataDefinition="SIMCONNECT:NAV1_RADIO_SWAP" />
                </EventActions>
              </EventDefinition>
              <EventDefinition Trigger="ACTIVATELONG">
                <EventActions>
                  <EventActionChangeValue TargetDataDefinition="SIMCONNECT:NAV SOUND:1" Value="1" />
                </EventActions>
              </EventDefinition>
            </EventDefinitions>
            <Options>
              <Option Key="TUNER_INNER_SENSITIVITY" Value="100" />
              <Option Key="TUNER_OUTER_SENSITIVITY" Value="100" />
              <Option Key="TUNER_MULTIPLY_1" Value="1" />
              <Option Key="TUNER_MULTIPLY_2" Value="2" />
              <Option Key="TUNER_MULTIPLY_3" Value="3" />
            </Options>
          </Event>
          <Event BoundTo="RADIOPANEL_LOWER_SELECTOR_ADF">
            <EventDefinitions>
              <EventDefinition Trigger="TUNER_INNER_CLOCKWISE">
                <EventActions>
                  <EventActionChangeValue TargetDataDefinition="SIMCONNECT:ADF ACTIVE FREQUENCY:1" Value="0.1" ValueOperation="Increment" />
                </EventActions>
              </EventDefinition>
              <EventDefinition Trigger="TUNER_INNER_COUNTERCLOCKWISE">
                <EventActions>
                  <EventActionChangeValue TargetDataDefinition="SIMCONNECT:ADF ACTIVE FREQUENCY:1" Value="0.1" ValueOperation="Decrement" />
                </EventActions>
              </EventDefinition>
              <EventDefinition Trigger="TUNER_OUTER_CLOCKWISE">
                <EventActions>
                  <EventActionChangeValue TargetDataDefinition="SIMCONNECT:ADF ACTIVE FREQUENCY:1" Value="10" ValueOperation="Increment" />
                </EventActions>
              </EventDefinition>
              <EventDefinition Trigger="TUNER_OUTER_COUNTERCLOCKWISE">
                <EventActions>
                  <EventActionChangeValue TargetDataDefinition="SIMCONNECT:ADF ACTIVE FREQUENCY:1" Value="10" ValueOperation="Decrement" />
                </EventActions>
              </EventDefinition>
              <EventDefinition Trigger="LEFTDISPLAY">
                <EventActions>
                  <EventActionDisplayValue TargetDataDefinition="SIMCONNECT:ADF ACTIVE FREQUENCY:1" />
                </EventActions>
              </EventDefinition>
            </EventDefinitions>
            <Options>
              <Option Key="TUNER_INNER_SENSITIVITY" Value="100" />
              <Option Key="TUNER_OUTER_SENSITIVITY" Value="100" />
              <Option Key="TUNER_MULTIPLY_1" Value="1" />
              <Option Key="TUNER_MULTIPLY_2" Value="2" />
              <Option Key="TUNER_MULTIPLY_3" Value="3" />
            </Options>
          </Event>
          <Event BoundTo="RADIOPANEL_LOWER_SELECTOR_DME">
            <EventDefinitions>
              <EventDefinition Trigger="LEFTDISPLAY">
                <EventActions>
                  <EventActionDisplayValue TargetDataDefinition="SIMCONNECT:NAV DME:1" />
                </EventActions>
              </EventDefinition>
              <EventDefinition Trigger="RIGHTDISPLAY">
                <EventActions>
                  <EventActionDisplayValue TargetDataDefinition="SIMCONNECT:NAV DMESPEED:1" />
                </EventActions>
              </EventDefinition>
            </EventDefinitions>
            <Options>
              <Option Key="TUNER_INNER_SENSITIVITY" Value="100" />
              <Option Key="TUNER_OUTER_SENSITIVITY" Value="100" />
              <Option Key="TUNER_MULTIPLY_1" Value="1" />
              <Option Key="TUNER_MULTIPLY_2" Value="2" />
              <Option Key="TUNER_MULTIPLY_3" Value="3" />
            </Options>
          </Event>
          <Event BoundTo="RADIOPANEL_LOWER_SELECTOR_XPDR">
            <EventDefinitions>
              <EventDefinition Trigger="TUNER_INNER_CLOCKWISE">
                <EventActions>
                  <EventActionChangeValue TargetDataDefinition="SIMCONNECT:TRANSPONDER CODE:1" Value="1" ValueOperation="Increment" />
                </EventActions>
              </EventDefinition>
              <EventDefinition Trigger="TUNER_INNER_COUNTERCLOCKWISE">
                <EventActions>
                  <EventActionChangeValue TargetDataDefinition="SIMCONNECT:TRANSPONDER CODE:1" Value="1" ValueOperation="Decrement" />
                </EventActions>
              </EventDefinition>
              <EventDefinition Trigger="TUNER_OUTER_CLOCKWISE">
                <EventActions>
                  <EventActionChangeValue TargetDataDefinition="SIMCONNECT:KOHLSMAN SETTING MB" Value="1" ValueOperation="Increment" />
                </EventActions>
              </EventDefinition>
              <EventDefinition Trigger="TUNER_OUTER_COUNTERCLOCKWISE">
                <EventActions>
                  <EventActionChangeValue TargetDataDefinition="SIMCONNECT:KOHLSMAN SETTING MB" Value="1" ValueOperation="Decrement" />
                </EventActions>
              </EventDefinition>
              <EventDefinition Trigger="LEFTDISPLAY">
                <EventActions>
                  <EventActionDisplayValue TargetDataDefinition="SIMCONNECT:KOHLSMAN SETTING MB" />
                </EventActions>
              </EventDefinition>
              <EventDefinition Trigger="RIGHTDISPLAY">
                <EventActions>
                  <EventActionDisplayValue TargetDataDefinition="SIMCONNECT:TRANSPONDER CODE:1" />
                </EventActions>
              </EventDefinition>
              <EventDefinition Trigger="ACTIVATESHORT">
                <EventActions>
                  <EventActionCommand CommandName="DIGITMARK" />
                </EventActions>
              </EventDefinition>
              <EventDefinition Trigger="ACTIVATELONG">
                <EventActions>
                  <EventActionControl TargetDataDefinition="SIMCONNECT:BAROMETRIC_STD_PRESSURE" />
                </EventActions>
              </EventDefinition>
            </EventDefinitions>
            <Options>
              <Option Key="TUNER_INNER_SENSITIVITY" Value="100" />
              <Option Key="TUNER_OUTER_SENSITIVITY" Value="100" />
              <Option Key="TUNER_MULTIPLY_1" Value="1" />
              <Option Key="TUNER_MULTIPLY_2" Value="2" />
              <Option Key="TUNER_MULTIPLY_3" Value="3" />
            </Options>
          </Event>
          <Event BoundTo="RADIOPANEL_UPPER_SELECTOR_ADF">
            <EventDefinitions>
              <EventDefinition Trigger="TUNER_INNER_CLOCKWISE">
                <EventActions>
                  <EventActionChangeValue TargetDataDefinition="SIMCONNECT:ADF ACTIVE FREQUENCY:1" Value="0.1" ValueOperation="Increment" />
                </EventActions>
              </EventDefinition>
              <EventDefinition Trigger="TUNER_INNER_COUNTERCLOCKWISE">
                <EventActions>
                  <EventActionChangeValue TargetDataDefinition="SIMCONNECT:ADF ACTIVE FREQUENCY:1" Value="0.1" ValueOperation="Decrement" />
                </EventActions>
              </EventDefinition>
              <EventDefinition Trigger="TUNER_OUTER_CLOCKWISE">
                <EventActions>
                  <EventActionChangeValue TargetDataDefinition="SIMCONNECT:ADF ACTIVE FREQUENCY:1" Value="10" ValueOperation="Increment" />
                </EventActions>
              </EventDefinition>
              <EventDefinition Trigger="TUNER_OUTER_COUNTERCLOCKWISE">
                <EventActions>
                  <EventActionChangeValue TargetDataDefinition="SIMCONNECT:ADF ACTIVE FREQUENCY:1" Value="10" ValueOperation="Decrement" />
                </EventActions>
              </EventDefinition>
              <EventDefinition Trigger="LEFTDISPLAY">
                <EventActions>
                  <EventActionDisplayValue TargetDataDefinition="SIMCONNECT:ADF ACTIVE FREQUENCY:1" DisplayFormat="000.0" />
                </EventActions>
              </EventDefinition>
            </EventDefinitions>
            <Options>
              <Option Key="TUNER_INNER_SENSITIVITY" Value="100" />
              <Option Key="TUNER_OUTER_SENSITIVITY" Value="100" />
              <Option Key="TUNER_MULTIPLY_1" Value="1" />
              <Option Key="TUNER_MULTIPLY_2" Value="2" />
              <Option Key="TUNER_MULTIPLY_3" Value="3" />
            </Options>
          </Event>
          <Event BoundTo="RADIOPANEL_UPPER_SELECTOR_DME">
            <EventDefinitions>
              <EventDefinition Trigger="LEFTDISPLAY">
                <EventActions>
                  <EventActionDisplayValue TargetDataDefinition="SIMCONNECT:NAV DME:1" DisplayFormat="0.0" />
                </EventActions>
              </EventDefinition>
              <EventDefinition Trigger="RIGHTDISPLAY">
                <EventActions>
                  <EventActionDisplayValue TargetDataDefinition="SIMCONNECT:NAV DMESPEED:1" DisplayFormat="0.0" />
                </EventActions>
              </EventDefinition>
            </EventDefinitions>
            <Options>
              <Option Key="TUNER_INNER_SENSITIVITY" Value="100" />
              <Option Key="TUNER_OUTER_SENSITIVITY" Value="100" />
              <Option Key="TUNER_MULTIPLY_1" Value="1" />
              <Option Key="TUNER_MULTIPLY_2" Value="2" />
              <Option Key="TUNER_MULTIPLY_3" Value="3" />
            </Options>
          </Event>
          <Event BoundTo="RADIOPANEL_UPPER_SELECTOR_COM1">
            <EventDefinitions>
              <EventDefinition Trigger="TUNER_INNER_CLOCKWISE">
                <EventActions>
                  <EventActionChangeValue TargetDataDefinition="SIMCONNECT:COM STANDBY FREQUENCY:1" Value="0.025" ValueOperation="Increment" />
                </EventActions>
              </EventDefinition>
              <EventDefinition Trigger="TUNER_INNER_COUNTERCLOCKWISE">
                <EventActions>
                  <EventActionChangeValue TargetDataDefinition="SIMCONNECT:COM STANDBY FREQUENCY:1" Value="0.025" ValueOperation="Decrement" />
                </EventActions>
              </EventDefinition>
              <EventDefinition Trigger="TUNER_OUTER_CLOCKWISE">
                <EventActions>
                  <EventActionChangeValue TargetDataDefinition="SIMCONNECT:COM STANDBY FREQUENCY:1" Value="1" ValueOperation="Increment" />
                </EventActions>
              </EventDefinition>
              <EventDefinition Trigger="TUNER_OUTER_COUNTERCLOCKWISE">
                <EventActions>
                  <EventActionChangeValue TargetDataDefinition="SIMCONNECT:COM STANDBY FREQUENCY:1" Value="1" ValueOperation="Decrement" />
                </EventActions>
              </EventDefinition>
              <EventDefinition Trigger="LEFTDISPLAY">
                <EventActions>
                  <EventActionDisplayValue TargetDataDefinition="SIMCONNECT:COM ACTIVE FREQUENCY:1" />
                </EventActions>
              </EventDefinition>
              <EventDefinition Trigger="RIGHTDISPLAY">
                <EventActions>
                  <EventActionDisplayValue TargetDataDefinition="SIMCONNECT:COM STANDBY FREQUENCY:1" />
                </EventActions>
              </EventDefinition>
              <EventDefinition Trigger="ACTIVATESHORT">
                <EventActions>
                  <EventActionControl TargetDataDefinition="SIMCONNECT:COM_STBY_RADIO_SWAP" />
                </EventActions>
              </EventDefinition>
            </EventDefinitions>
            <Options>
              <Option Key="TUNER_INNER_SENSITIVITY" Value="100" />
              <Option Key="TUNER_OUTER_SENSITIVITY" Value="100" />
              <Option Key="TUNER_MULTIPLY_1" Value="1" />
              <Option Key="TUNER_MULTIPLY_2" Value="2" />
              <Option Key="TUNER_MULTIPLY_3" Value="3" />
            </Options>
          </Event>
        </Events>
        <Extensions />
      </DevicePage>
      <Events>
        <Event BoundTo="CONFIGURE_PANEL_STATUS">
          <EventDefinitions>
            <EventDefinition Trigger="VALUE">
              <EventConditions>
                <EventCondition ConditionComparator="Equals" ConditionTargetValue="1" ConditionValueSource="SIMCONNECT:AVIONICS MASTER SWITCH" />
              </EventConditions>
              <EventActions>
                <EventActionCommand CommandName="SPAD_neXt.Device_PowerON" />
              </EventActions>
            </EventDefinition>
            <EventDefinition Trigger="VALUE">
              <EventConditions>
                <EventCondition ConditionComparator="Equals" ConditionTargetValue="0" ConditionValueSource="SIMCONNECT:AVIONICS MASTER SWITCH" />
              </EventConditions>
              <EventActions>
                <EventActionCommand CommandName="SPAD_neXt.Device_PowerOFF" />
              </EventActions>
            </EventDefinition>
          </EventDefinitions>
        </Event>
      </Events>
      <Extensions />
    </Device>
    <Device VendorID="0x06A3" ProductID="0x0D67" DevicePath="\\?\hid#vid_06a3&amp;pid_0d67#8&amp;d342dfe&amp;0&amp;0000#{4d1e55b2-f16f-11cf-88cb-001111000030}" Serial="" DeviceIndex="0" Version="3">
      <DevicePage ID="72c73483-060e-4a22-94be-a6d0c6e32179" IsDefaultPage="true" Name="Default">
        <Events>
          <Event BoundTo="SWITCH_GEAR">
            <EventDefinitions>
              <EventDefinition Trigger="GEAR_DOWN">
                <EventActions>
                  <EventActionChangeValue TargetDataDefinition="SIMCONNECT:GEAR HANDLE POSITION" Value="1" />
                </EventActions>
              </EventDefinition>
              <EventDefinition Trigger="GEAR_UP">
                <EventActions>
                  <EventActionChangeValue TargetDataDefinition="SIMCONNECT:GEAR HANDLE POSITION" Value="0" />
                </EventActions>
              </EventDefinition>
            </EventDefinitions>
          </Event>
          <Event BoundTo="GEAR_STATE_NOSE">
            <EventDefinitions>
              <EventDefinition Trigger="VALUE" IsFinal="true">
                <EventConditions>
                  <EventCondition ConditionComparator="Equals" ConditionTargetValue="0" ConditionValueSource="SIMCONNECT:GEAR CENTER POSITION" />
                </EventConditions>
                <EventActions>
                  <EventActionLEDColor Color="OFF" />
                </EventActions>
              </EventDefinition>
              <EventDefinition Trigger="VALUE" IsFinal="true">
                <EventConditions>
                  <EventCondition ConditionComparator="Equals" ConditionTargetValue="100" ConditionValueSource="SIMCONNECT:GEAR CENTER POSITION" />
                </EventConditions>
                <EventActions>
                  <EventActionLEDColor Color="GREEN" />
                </EventActions>
              </EventDefinition>
              <EventDefinition Trigger="VALUE">
                <EventConditions>
                  <EventCondition ConditionComparator="Less" ConditionTargetValue="100" ConditionValueSource="SIMCONNECT:GEAR CENTER POSITION" />
                </EventConditions>
                <EventActions>
                  <EventActionLEDColor Color="RED" />
                </EventActions>
              </EventDefinition>
            </EventDefinitions>
          </Event>
          <Event BoundTo="GEAR_STATE_RIGHT">
            <EventDefinitions>
              <EventDefinition Trigger="VALUE" IsFinal="true">
                <EventConditions>
                  <EventCondition ConditionComparator="Equals" ConditionTargetValue="0" ConditionValueSource="SIMCONNECT:GEAR RIGHT POSITION" />
                </EventConditions>
                <EventActions>
                  <EventActionLEDColor Color="OFF" />
                </EventActions>
              </EventDefinition>
              <EventDefinition Trigger="VALUE" IsFinal="true">
                <EventConditions>
                  <EventCondition ConditionComparator="Equals" ConditionTargetValue="100" ConditionValueSource="SIMCONNECT:GEAR RIGHT POSITION" />
                </EventConditions>
                <EventActions>
                  <EventActionLEDColor Color="GREEN" />
                </EventActions>
              </EventDefinition>
              <EventDefinition Trigger="VALUE">
                <EventConditions>
                  <EventCondition ConditionComparator="Less" ConditionTargetValue="100" ConditionValueSource="SIMCONNECT:GEAR RIGHT POSITION" />
                </EventConditions>
                <EventActions>
                  <EventActionLEDColor Color="RED" />
                </EventActions>
              </EventDefinition>
            </EventDefinitions>
          </Event>
          <Event BoundTo="GEAR_STATE_LEFT">
            <EventDefinitions>
              <EventDefinition Trigger="VALUE" IsFinal="true">
                <EventConditions>
                  <EventCondition ConditionComparator="Equals" ConditionTargetValue="0" ConditionValueSource="SIMCONNECT:GEAR LEFT POSITION" />
                </EventConditions>
                <EventActions>
                  <EventActionLEDColor Color="OFF" />
                </EventActions>
              </EventDefinition>
              <EventDefinition Trigger="VALUE" IsFinal="true">
                <EventConditions>
                  <EventCondition ConditionComparator="Equals" ConditionTargetValue="100" ConditionValueSource="SIMCONNECT:GEAR LEFT POSITION" />
                </EventConditions>
                <EventActions>
                  <EventActionLEDColor Color="GREEN" />
                </EventActions>
              </EventDefinition>
              <EventDefinition Trigger="VALUE">
                <EventConditions>
                  <EventCondition ConditionComparator="Less" ConditionTargetValue="100" ConditionValueSource="SIMCONNECT:GEAR LEFT POSITION" />
                </EventConditions>
                <EventActions>
                  <EventActionLEDColor Color="RED" />
                </EventActions>
              </EventDefinition>
            </EventDefinitions>
          </Event>
          <Event BoundTo="SWITCH_AVIONICS_MASTER">
            <EventDefinitions>
              <EventDefinition Trigger="VALUEON">
                <EventConditions>
                  <EventCondition ConditionComparator="Unequal" ConditionTargetValue="1" ConditionValueSource="SIMCONNECT:AVIONICS MASTER SWITCH" />
                </EventConditions>
                <EventActions>
                  <EventActionChangeValue TargetDataDefinition="SIMCONNECT:AVIONICS MASTER SWITCH" Value="1" />
                </EventActions>
              </EventDefinition>
              <EventDefinition Trigger="VALUEOFF">
                <EventConditions>
                  <EventCondition ConditionComparator="Unequal" ConditionTargetValue="0" ConditionValueSource="SIMCONNECT:AVIONICS MASTER SWITCH" />
                </EventConditions>
                <EventActions>
                  <EventActionChangeValue TargetDataDefinition="SIMCONNECT:AVIONICS MASTER SWITCH" Value="0" />
                </EventActions>
              </EventDefinition>
            </EventDefinitions>
          </Event>
          <Event BoundTo="SWITCH_MASTER_BAT">
            <EventDefinitions>
              <EventDefinition Trigger="VALUEON">
                <EventConditions>
                  <EventCondition ConditionComparator="Unequal" ConditionTargetValue="1" ConditionValueSource="SIMCONNECT:ELECTRICAL MASTER BATTERY" />
                </EventConditions>
                <EventActions>
                  <EventActionChangeValue TargetDataDefinition="SIMCONNECT:ELECTRICAL MASTER BATTERY" Value="1" />
                </EventActions>
              </EventDefinition>
              <EventDefinition Trigger="VALUEOFF">
                <EventConditions>
                  <EventCondition ConditionComparator="Unequal" ConditionTargetValue="0" ConditionValueSource="SIMCONNECT:ELECTRICAL MASTER BATTERY" />
                </EventConditions>
                <EventActions>
                  <EventActionChangeValue TargetDataDefinition="SIMCONNECT:ELECTRICAL MASTER BATTERY" Value="0" />
                </EventActions>
              </EventDefinition>
            </EventDefinitions>
          </Event>
          <Event BoundTo="SWITCH_MASTER_ALT">
            <EventDefinitions>
              <EventDefinition Trigger="VALUEON">
                <EventConditions>
                  <EventCondition ConditionComparator="Equals" ConditionTargetValue="0" ConditionValueSource="SIMCONNECT:GENERAL ENG MASTER ALTERNATOR:1" />
                </EventConditions>
                <EventActions>
                  <EventActionChangeValue TargetDataDefinition="SIMCONNECT:GENERAL ENG MASTER ALTERNATOR:1" Value="1" />
                  <EventActionChangeValue TargetDataDefinition="SIMCONNECT:GENERAL ENG MASTER ALTERNATOR:2" Value="1" />
                  <EventActionChangeValue TargetDataDefinition="SIMCONNECT:GENERAL ENG MASTER ALTERNATOR:3" Value="1" />
                  <EventActionChangeValue TargetDataDefinition="SIMCONNECT:GENERAL ENG MASTER ALTERNATOR:4" Value="1" />
                </EventActions>
              </EventDefinition>
              <EventDefinition Trigger="VALUEOFF">
                <EventConditions>
                  <EventCondition ConditionComparator="Equals" ConditionTargetValue="1" ConditionValueSource="SIMCONNECT:GENERAL ENG MASTER ALTERNATOR:1" />
                </EventConditions>
                <EventActions>
                  <EventActionChangeValue TargetDataDefinition="SIMCONNECT:GENERAL ENG MASTER ALTERNATOR:1" Value="0" />
                  <EventActionChangeValue TargetDataDefinition="SIMCONNECT:GENERAL ENG MASTER ALTERNATOR:2" Value="0" />
                  <EventActionChangeValue TargetDataDefinition="SIMCONNECT:GENERAL ENG MASTER ALTERNATOR:3" Value="0" />
                  <EventActionChangeValue TargetDataDefinition="SIMCONNECT:GENERAL ENG MASTER ALTERNATOR:4" Value="0" />
                </EventActions>
              </EventDefinition>
            </EventDefinitions>
          </Event>
          <Event BoundTo="SWITCH_COWL">
            <EventDefinitions>
              <EventDefinition Trigger="VALUEON">
                <EventConditions>
                  <EventCondition ConditionComparator="Equals" ConditionTargetValue="0" ConditionValueSource="SIMCONNECT:RECIP ENG COWL FLAP POSITION:1" />
                </EventConditions>
                <EventActions>
                  <EventActionChangeValue TargetDataDefinition="SIMCONNECT:RECIP ENG COWL FLAP POSITION:1" Value="100" />
                </EventActions>
              </EventDefinition>
              <EventDefinition Trigger="VALUEOFF">
                <EventConditions>
                  <EventCondition ConditionComparator="Unequal" ConditionTargetValue="0" ConditionValueSource="SIMCONNECT:RECIP ENG COWL FLAP POSITION:1" />
                </EventConditions>
                <EventActions>
                  <EventActionChangeValue TargetDataDefinition="SIMCONNECT:RECIP ENG COWL FLAP POSITION:1" Value="0" />
                </EventActions>
              </EventDefinition>
            </EventDefinitions>
          </Event>
          <Event BoundTo="SWITCH_ENGINE">
            <EventDefinitions>
              <EventDefinition Trigger="SEL_OFF_VALUEON">
                <EventActions>
                  <EventActionControl TargetDataDefinition="SIMCONNECT:MAGNETO_OFF" />
                </EventActions>
              </EventDefinition>
              <EventDefinition Trigger="SEL_R_VALUEON">
                <EventActions>
                  <EventActionControl TargetDataDefinition="SIMCONNECT:MAGNETO_RIGHT" />
                </EventActions>
              </EventDefinition>
              <EventDefinition Trigger="SEL_L_VALUEON">
                <EventActions>
                  <EventActionControl TargetDataDefinition="SIMCONNECT:MAGNETO_LEFT" />
                </EventActions>
              </EventDefinition>
              <EventDefinition Trigger="SEL_ALL_VALUEON">
                <EventActions>
                  <EventActionControl TargetDataDefinition="SIMCONNECT:MAGNETO_BOTH" />
                </EventActions>
              </EventDefinition>
              <EventDefinition Trigger="SEL_START_VALUEON">
                <EventActions>
                  <EventActionControl TargetDataDefinition="SIMCONNECT:MAGNETO_START" />
                </EventActions>
              </EventDefinition>
            </EventDefinitions>
          </Event>
          <Event BoundTo="SWITCH_FUEL_PUMP">
            <EventDefinitions>
              <EventDefinition Trigger="VALUEON">
                <EventConditions>
                  <EventCondition ConditionComparator="Unequal" ConditionTargetValue="1" ConditionValueSource="SIMCONNECT:GENERAL ENG FUEL PUMP SWITCH:1" />
                </EventConditions>
                <EventActions>
                  <EventActionChangeValue TargetDataDefinition="SIMCONNECT:GENERAL ENG FUEL PUMP SWITCH:1" Value="1" />
                  <EventActionChangeValue TargetDataDefinition="SIMCONNECT:GENERAL ENG FUEL PUMP SWITCH:2" Value="1" />
                  <EventActionChangeValue TargetDataDefinition="SIMCONNECT:GENERAL ENG FUEL PUMP SWITCH:3" Value="1" />
                  <EventActionChangeValue TargetDataDefinition="SIMCONNECT:GENERAL ENG FUEL PUMP SWITCH:4" Value="1" />
                </EventActions>
              </EventDefinition>
              <EventDefinition Trigger="VALUEOFF">
                <EventConditions>
                  <EventCondition ConditionComparator="Unequal" ConditionTargetValue="0" ConditionValueSource="SIMCONNECT:GENERAL ENG FUEL PUMP SWITCH:1" />
                </EventConditions>
                <EventActions>
                  <EventActionChangeValue TargetDataDefinition="SIMCONNECT:GENERAL ENG FUEL PUMP SWITCH:1" Value="0" />
                  <EventActionChangeValue TargetDataDefinition="SIMCONNECT:GENERAL ENG FUEL PUMP SWITCH:2" Value="0" />
                  <EventActionChangeValue TargetDataDefinition="SIMCONNECT:GENERAL ENG FUEL PUMP SWITCH:3" Value="0" />
                  <EventActionChangeValue TargetDataDefinition="SIMCONNECT:GENERAL ENG FUEL PUMP SWITCH:4" Value="0" />
                </EventActions>
              </EventDefinition>
            </EventDefinitions>
          </Event>
          <Event BoundTo="SWITCH_PANEL_LIGHTS">
            <EventDefinitions>
              <EventDefinition Trigger="VALUEON">
                <EventConditions>
                  <EventCondition ConditionComparator="Unequal" ConditionTargetValue="1" ConditionValueSource="SIMCONNECT:LIGHT PANEL" />
                </EventConditions>
                <EventActions>
                  <EventActionControl TargetDataDefinition="SIMCONNECT:PANEL_LIGHTS_ON" />
                </EventActions>
              </EventDefinition>
              <EventDefinition Trigger="VALUEOFF">
                <EventConditions>
                  <EventCondition ConditionComparator="Unequal" ConditionTargetValue="0" ConditionValueSource="SIMCONNECT:LIGHT PANEL" />
                </EventConditions>
                <EventActions>
                  <EventActionControl TargetDataDefinition="SIMCONNECT:PANEL_LIGHTS_OFF" />
                </EventActions>
              </EventDefinition>
            </EventDefinitions>
          </Event>
          <Event BoundTo="SWITCH_BEACON_LIGHTS">
            <EventDefinitions>
              <EventDefinition Trigger="VALUEON">
                <EventConditions>
                  <EventCondition ConditionComparator="Unequal" ConditionTargetValue="1" ConditionValueSource="SIMCONNECT:LIGHT BEACON" />
                </EventConditions>
                <EventActions>
                  <EventActionControl TargetDataDefinition="SIMCONNECT:TOGGLE_BEACON_LIGHTS" />
                </EventActions>
              </EventDefinition>
              <EventDefinition Trigger="VALUEOFF">
                <EventConditions>
                  <EventCondition ConditionComparator="Unequal" ConditionTargetValue="0" ConditionValueSource="SIMCONNECT:LIGHT BEACON" />
                </EventConditions>
                <EventActions>
                  <EventActionControl TargetDataDefinition="SIMCONNECT:TOGGLE_BEACON_LIGHTS" />
                </EventActions>
              </EventDefinition>
            </EventDefinitions>
          </Event>
          <Event BoundTo="SWITCH_NAV_LIGHTS">
            <EventDefinitions>
              <EventDefinition Trigger="VALUEON">
                <EventConditions>
                  <EventCondition ConditionComparator="Unequal" ConditionTargetValue="1" ConditionValueSource="SIMCONNECT:LIGHT NAV" />
                </EventConditions>
                <EventActions>
                  <EventActionControl TargetDataDefinition="SIMCONNECT:TOGGLE_NAV_LIGHTS" />
                </EventActions>
              </EventDefinition>
              <EventDefinition Trigger="VALUEOFF">
                <EventConditions>
                  <EventCondition ConditionComparator="Unequal" ConditionTargetValue="0" ConditionValueSource="SIMCONNECT:LIGHT NAV" />
                </EventConditions>
                <EventActions>
                  <EventActionControl TargetDataDefinition="SIMCONNECT:TOGGLE_NAV_LIGHTS" />
                </EventActions>
              </EventDefinition>
            </EventDefinitions>
          </Event>
          <Event BoundTo="SWITCH_STROBE_LIGHTS">
            <EventDefinitions>
              <EventDefinition Trigger="VALUEON">
                <EventConditions>
                  <EventCondition ConditionComparator="Unequal" ConditionTargetValue="1" ConditionValueSource="SIMCONNECT:LIGHT STROBE" />
                </EventConditions>
                <EventActions>
                  <EventActionControl TargetDataDefinition="SIMCONNECT:STROBES_ON" />
                </EventActions>
              </EventDefinition>
              <EventDefinition Trigger="VALUEOFF">
                <EventConditions>
                  <EventCondition ConditionComparator="Unequal" ConditionTargetValue="0" ConditionValueSource="SIMCONNECT:LIGHT STROBE" />
                </EventConditions>
                <EventActions>
                  <EventActionControl TargetDataDefinition="SIMCONNECT:STROBES_OFF" />
                </EventActions>
              </EventDefinition>
            </EventDefinitions>
          </Event>
          <Event BoundTo="SWITCH_TAXI_LIGHTS">
            <EventDefinitions>
              <EventDefinition Trigger="VALUEON">
                <EventConditions>
                  <EventCondition ConditionComparator="Unequal" ConditionTargetValue="1" ConditionValueSource="SIMCONNECT:LIGHT TAXI" />
                </EventConditions>
                <EventActions>
                  <EventActionControl TargetDataDefinition="SIMCONNECT:TOGGLE_TAXI_LIGHTS" />
                </EventActions>
              </EventDefinition>
              <EventDefinition Trigger="VALUEOFF">
                <EventConditions>
                  <EventCondition ConditionComparator="Unequal" ConditionTargetValue="0" ConditionValueSource="SIMCONNECT:LIGHT TAXI" />
                </EventConditions>
                <EventActions>
                  <EventActionControl TargetDataDefinition="SIMCONNECT:TOGGLE_TAXI_LIGHTS" />
                </EventActions>
              </EventDefinition>
            </EventDefinitions>
          </Event>
          <Event BoundTo="SWITCH_LANDING_LIGHTS">
            <EventDefinitions>
              <EventDefinition Trigger="VALUEON">
                <EventConditions>
                  <EventCondition ConditionComparator="Unequal" ConditionTargetValue="1" ConditionValueSource="SIMCONNECT:LIGHT LANDING" />
                </EventConditions>
                <EventActions>
                  <EventActionControl TargetDataDefinition="SIMCONNECT:LANDING_LIGHTS_ON" />
                </EventActions>
              </EventDefinition>
              <EventDefinition Trigger="VALUEOFF">
                <EventConditions>
                  <EventCondition ConditionComparator="Unequal" ConditionTargetValue="0" ConditionValueSource="SIMCONNECT:LIGHT LANDING" />
                </EventConditions>
                <EventActions>
                  <EventActionControl TargetDataDefinition="SIMCONNECT:LANDING_LIGHTS_OFF" />
                </EventActions>
              </EventDefinition>
            </EventDefinitions>
          </Event>
          <Event BoundTo="SWITCH_DEICE">
            <EventDefinitions>
              <EventDefinition Trigger="VALUEON">
                <EventConditions>
                  <EventCondition ConditionComparator="Unequal" ConditionTargetValue="1" ConditionValueSource="SIMCONNECT:STRUCTURAL DEICE SWITCH" />
                </EventConditions>
                <EventActions>
                  <EventActionControl TargetDataDefinition="SIMCONNECT:TOGGLE_STRUCTURAL_DEICE" />
                </EventActions>
              </EventDefinition>
              <EventDefinition Trigger="VALUEOFF">
                <EventConditions>
                  <EventCondition ConditionComparator="Unequal" ConditionTargetValue="0" ConditionValueSource="SIMCONNECT:STRUCTURAL DEICE SWITCH" />
                </EventConditions>
                <EventActions>
                  <EventActionControl TargetDataDefinition="SIMCONNECT:TOGGLE_STRUCTURAL_DEICE" />
                </EventActions>
              </EventDefinition>
            </EventDefinitions>
          </Event>
          <Event BoundTo="SWITCH_PITOT_HEAT">
            <EventDefinitions>
              <EventDefinition Trigger="VALUEON">
                <EventConditions>
                  <EventCondition ConditionComparator="Unequal" ConditionTargetValue="1" ConditionValueSource="SIMCONNECT:PITOT HEAT" />
                </EventConditions>
                <EventActions>
                  <EventActionControl TargetDataDefinition="SIMCONNECT:PITOT_HEAT_ON" />
                </EventActions>
              </EventDefinition>
              <EventDefinition Trigger="VALUEOFF">
                <EventConditions>
                  <EventCondition ConditionComparator="Unequal" ConditionTargetValue="0" ConditionValueSource="SIMCONNECT:PITOT HEAT" />
                </EventConditions>
                <EventActions>
                  <EventActionControl TargetDataDefinition="SIMCONNECT:PITOT_HEAT_OFF" />
                </EventActions>
              </EventDefinition>
            </EventDefinitions>
          </Event>
        </Events>
        <Extensions />
      </DevicePage>
      <Events>
        <Event BoundTo="CONFIGURE_PANEL_STATUS">
          <EventDefinitions>
            <EventDefinition Trigger="VALUE">
              <EventConditions>
                <EventCondition ConditionComparator="Equals" ConditionTargetValue="1" ConditionValueSource="SIMCONNECT:ELECTRICAL MASTER BATTERY" />
              </EventConditions>
              <EventActions>
                <EventActionCommand CommandName="SPAD_neXt.Device_PowerON" />
              </EventActions>
            </EventDefinition>
            <EventDefinition Trigger="VALUE">
              <EventConditions>
                <EventCondition ConditionComparator="Equals" ConditionTargetValue="0" ConditionValueSource="SIMCONNECT:ELECTRICAL MASTER BATTERY" />
              </EventConditions>
              <EventActions>
                <EventActionCommand CommandName="SPAD_neXt.Device_PowerOFF" />
              </EventActions>
            </EventDefinition>
          </EventDefinitions>
        </Event>
      </Events>
      <Extensions />
    </Device>
    <Device VendorID="0x06A3" ProductID="0x0BAC" DevicePath="\\?\hid#vid_06a3&amp;pid_0bac#9&amp;25420c03&amp;0&amp;0000#{4d1e55b2-f16f-11cf-88cb-001111000030}" Serial="" DeviceIndex="0" Version="3">
      <DevicePage ID="72c73483-060e-4a22-94be-a6d0c6e32179" IsDefaultPage="true" Name="Default">
        <Events>
          <Event BoundTo="QUADRANT_AXIS_LEFT">
            <EventDefinitions>
              <EventDefinition Trigger="VALUE">
                <EventActions>
                  <EventActionRangedAxis ConfigID="LEVER_PROPPITCH">
                    <Options>
                      <Option Key="USERAWVALUE" Value="True" />
                      <Option Key="OPTION2" Value="True" />
                      <Option Key="MIN" Value="255" />
                      <Option Key="MAX" Value="0" />
                    </Options>
                  </EventActionRangedAxis>
                </EventActions>
              </EventDefinition>
            </EventDefinitions>
          </Event>
          <Event BoundTo="QUADRANT_AXIS_MIDDLE">
            <EventDefinitions>
              <EventDefinition Trigger="VALUE">
                <EventActions>
                  <EventActionRangedAxis ConfigID="LEVER_MIXTURE">
                    <Options>
                      <Option Key="USERAWVALUE" Value="True" />
                      <Option Key="OPTION1" Value="True" />
                      <Option Key="MIN" Value="255" />
                      <Option Key="MAX" Value="0" />
                    </Options>
                  </EventActionRangedAxis>
                </EventActions>
              </EventDefinition>
            </EventDefinitions>
          </Event>
          <Event BoundTo="QUADRANT_AXIS_RIGHT">
            <EventDefinitions>
              <EventDefinition Trigger="VALUE">
                <EventActions>
                  <EventActionRangedAxis ConfigID="LEVER_MIXTURE">
                    <Options>
                      <Option Key="USERAWVALUE" Value="True" />
                      <Option Key="OPTION2" Value="True" />
                      <Option Key="MIN" Value="255" />
                      <Option Key="MAX" Value="0" />
                    </Options>
                  </EventActionRangedAxis>
                </EventActions>
              </EventDefinition>
            </EventDefinitions>
          </Event>
          <Event BoundTo="YOKE_AXIS_PITCH">
            <EventDefinitions>
              <EventDefinition Trigger="VALUE">
                <EventActions>
                  <EventActionRangedAxis ConfigID="LEVER_ELEVATOR">
                    <Options>
                      <Option Key="USERAWVALUE" Value="True" />
                      <Option Key="IDLE" Value="511" />
                      <Option Key="MIN" Value="0" />
                      <Option Key="MAX" Value="1023" />
                    </Options>
                  </EventActionRangedAxis>
                </EventActions>
              </EventDefinition>
            </EventDefinitions>
          </Event>
          <Event BoundTo="YOKE_AXIS_AILERON">
            <EventDefinitions>
              <EventDefinition Trigger="VALUE">
                <EventActions>
                  <EventActionRangedAxis ConfigID="LEVER_AILERONS">
                    <Options>
                      <Option Key="USERAWVALUE" Value="True" />
                      <Option Key="IDLE" Value="511" />
                      <Option Key="MAX" Value="1023" />
                      <Option Key="MIN" Value="0" />
                    </Options>
                  </EventActionRangedAxis>
                </EventActions>
              </EventDefinition>
            </EventDefinitions>
          </Event>
        </Events>
        <Extensions />
      </DevicePage>
      <Events />
      <Extensions />
    </Device>
    <Device VendorID="0x06A3" ProductID="0x0C2D" DevicePath="\\?\hid#vid_06a3&amp;pid_0c2d#9&amp;17348247&amp;0&amp;0000#{4d1e55b2-f16f-11cf-88cb-001111000030}" Serial="" DeviceIndex="0" Version="3">
      <DevicePage ID="72c73483-060e-4a22-94be-a6d0c6e32179" IsDefaultPage="true" Name="Default">
        <Events>
          <Event BoundTo="QUADRANT_AXIS_LEFT">
            <EventDefinitions>
              <EventDefinition Trigger="VALUE">
                <EventActions>
                  <EventActionRangedAxis ConfigID="LEVER_NOREVERSE_THROTTLE">
                    <Options>
                      <Option Key="USERAWVALUE" Value="True" />
                      <Option Key="OPTION1" Value="True" />
                      <Option Key="IDLE" Value="255" />
                      <Option Key="MAX" Value="0" />
                    </Options>
                  </EventActionRangedAxis>
                </EventActions>
              </EventDefinition>
            </EventDefinitions>
          </Event>
          <Event BoundTo="QUADRANT_AXIS_MIDDLE">
            <EventDefinitions>
              <EventDefinition Trigger="VALUE">
                <EventActions>
                  <EventActionRangedAxis ConfigID="LEVER_NOREVERSE_THROTTLE">
                    <Options>
                      <Option Key="USERAWVALUE" Value="True" />
                      <Option Key="OPTION2" Value="True" />
                      <Option Key="IDLE" Value="255" />
                      <Option Key="MAX" Value="0" />
                    </Options>
                  </EventActionRangedAxis>
                </EventActions>
              </EventDefinition>
            </EventDefinitions>
          </Event>
          <Event BoundTo="QUADRANT_AXIS_RIGHT">
            <EventDefinitions>
              <EventDefinition Trigger="VALUE">
                <EventActions>
                  <EventActionRangedAxis ConfigID="LEVER_PROPPITCH">
                    <Options>
                      <Option Key="USERAWVALUE" Value="True" />
                      <Option Key="OPTION1" Value="True" />
                      <Option Key="MIN" Value="255" />
                      <Option Key="MAX" Value="0" />
                    </Options>
                  </EventActionRangedAxis>
                </EventActions>
              </EventDefinition>
            </EventDefinitions>
          </Event>
        </Events>
        <Extensions />
      </DevicePage>
      <Events />
      <Extensions />
    </Device>
    <Device VendorID="0x06A3" ProductID="0x0763" DevicePath="\\?\hid#vid_06a3&amp;pid_0763#8&amp;364a7ef0&amp;0&amp;0000#{4d1e55b2-f16f-11cf-88cb-001111000030}" Serial="" DeviceIndex="0" Version="3">
      <DevicePage ID="72c73483-060e-4a22-94be-a6d0c6e32179" IsDefaultPage="true" Name="Default">
        <Events>
          <Event BoundTo="RZ_AXIS">
            <EventDefinitions>
              <EventDefinition Trigger="VALUE">
                <EventActions>
                  <EventActionRangedAxis ConfigID="LEVER_RUDDER">
                    <Options>
                      <Option Key="USERAWVALUE" Value="True" />
                      <Option Key="IDLE" Value="255" />
                      <Option Key="MIN" Value="511" />
                      <Option Key="MAX" Value="0" />
                    </Options>
                  </EventActionRangedAxis>
                </EventActions>
              </EventDefinition>
            </EventDefinitions>
          </Event>
          <Event BoundTo="Y_AXIS">
            <EventDefinitions>
              <EventDefinition Trigger="VALUE">
                <EventActions>
                  <EventActionRangedAxis ConfigID="LEVER_BRAKERIGHT">
                    <Options>
                      <Option Key="USERAWVALUE" Value="True" />
                      <Option Key="MIN" Value="0" />
                      <Option Key="MAX" Value="127" />
                    </Options>
                  </EventActionRangedAxis>
                </EventActions>
              </EventDefinition>
            </EventDefinitions>
          </Event>
          <Event BoundTo="X_AXIS">
            <EventDefinitions>
              <EventDefinition Trigger="VALUE">
                <EventActions>
                  <EventActionRangedAxis ConfigID="LEVER_BRAKELEFT">
                    <Options>
                      <Option Key="USERAWVALUE" Value="True" />
                      <Option Key="MIN" Value="0" />
                      <Option Key="MAX" Value="127" />
                    </Options>
                  </EventActionRangedAxis>
                </EventActions>
              </EventDefinition>
            </EventDefinitions>
          </Event>
        </Events>
        <Extensions />
      </DevicePage>
      <Events />
      <Extensions />
    </Device>
  </Devices>
  <Options>
    <Option Key="Elgato.Streamdeck.Brightness" Value="100" />
    <Option Key="Elgato.Streamdeck.DarkenDevice" Value="True" />
    <Option Key="Saitek.BIP.EnableVirtualPower" Value="True" />
    <Option Key="Saitek.BIP.Brightness" Value="50" />
    <Option Key="Saitek.BIP.Priority.VALUEOFF" Value="0" />
    <Option Key="Saitek.BIP.Priority.VALUEGREEN" Value="1" />
    <Option Key="Saitek.BIP.Priority.VALUEYELLOW" Value="2" />
    <Option Key="Saitek.BIP.Priority.VALUERED" Value="4" />
    <Option Key="Saitek.BIP.Priority.VALUEREDBLINK" Value="3" />
    <Option Key="Saitek.FIP.BindLightToMode" Value="False" />
    <Option Key="Saitek.FIP.EnableVirtualPower" Value="True" />
    <Option Key="Saitek.FIP.DefaultPagingButtons" Value="True" />
    <Option Key="Saitek.FIP.PagingButtonsOn" Value="True" />
    <Option Key="Saitek.RadioPanel.EnableVirtualPower" Value="True" />
    <Option Key="Saitek.SwitchPanel.RaiseOnFirst" Value="False" />
    <Option Key="Saitek.SwitchPanel.SwapRL" Value="True" />
    <Option Key="Saitek.SwitchPanel.EnableVirtualPower" Value="True" />
    <Option Key="Saitek.TrimWheel.ReverseTrim" Value="True" />
    <Option Key="Ultimarc.PacDrive.EnableVirtualPower" Value="True" />
    <Option Key="Ultimarc.PacLed64.EnableVirtualPower" Value="True" />
    <Option Key="Ultimarc.PacLed64.Brightness" Value="128" />
    <Option Key="Elgato.Streamdeck.HeldThreshold" Value="500" />
    <Option Key="Elgato.Streamdeck.HeldFrequency" Value="1" />
  </Options>
  <ProfileInformation ProfileID="122db0a9-71e3-4f5d-8ff6-fbeba20b6ba3" Version="0.9">
    <Author>fergatron</Author>
    <Description />
    <LastChanged>2024-03-10T23:56:02.8445717-04:00</LastChanged>
  </ProfileInformation>
</Profile>