﻿<?xml version="1.0" encoding="utf-8"?>
<Profile xmlns:xsd="http://www.w3.org/2001/XMLSchema" xmlns:xsi="http://www.w3.org/2001/XMLSchema-instance" xmlns="http://www.fsgs.com/SPAD">
  <Devices>
    <Device VendorID="0x06A3" ProductID="0x0D05" DevicePath="\\?\hid#vid_06a3&amp;pid_0d05#6&amp;2779d087&amp;0&amp;0000#{4d1e55b2-f16f-11cf-88cb-001111000030}" Serial="" DeviceIndex="0" Version="1">
      <Events>
        <Event BoundTo="RADIOPANEL_UPPER_SELECTOR_COM1">
          <EventDefinitions>
            <EventDefinition Trigger="TUNER_INNER_CLOCKWISE">
              <EventActions>
                <EventActionChangeValue TargetDataDefinition="SIMCONNECT:COM STANDBY FREQUENCY:1" Value="0.025" ValueOperation="Increment" />
              </EventActions>
            </EventDefinition>
            <EventDefinition Trigger="TUNER_INNER_COUNTERCLOCKWISE">
              <EventActions>
                <EventActionChangeValue TargetDataDefinition="SIMCONNECT:COM STANDBY FREQUENCY:1" Value="0.025" ValueOperation="Decrement" />
              </EventActions>
            </EventDefinition>
            <EventDefinition Trigger="TUNER_OUTER_CLOCKWISE">
              <EventActions>
                <EventActionChangeValue TargetDataDefinition="SIMCONNECT:COM STANDBY FREQUENCY:1" Value="1" ValueOperation="Increment" />
              </EventActions>
            </EventDefinition>
            <EventDefinition Trigger="TUNER_OUTER_COUNTERCLOCKWISE">
              <EventActions>
                <EventActionChangeValue TargetDataDefinition="SIMCONNECT:COM STANDBY FREQUENCY:1" Value="1" ValueOperation="Decrement" />
              </EventActions>
            </EventDefinition>
            <EventDefinition Trigger="LEFTDISPLAY">
              <EventActions>
                <EventActionDisplayValue TargetDataDefinition="SIMCONNECT:COM ACTIVE FREQUENCY:1" TargetDisplay="LEFTDISPLAY" />
              </EventActions>
            </EventDefinition>
            <EventDefinition Trigger="RIGHTDISPLAY">
              <EventActions>
                <EventActionDisplayValue TargetDataDefinition="SIMCONNECT:COM STANDBY FREQUENCY:1" TargetDisplay="RIGHTDISPLAY" />
              </EventActions>
            </EventDefinition>
            <EventDefinition Trigger="ACTIVATESHORT">
              <EventActions>
                <EventActionControl TargetDataDefinition="SIMCONNECT:COM_STBY_RADIO_SWAP" Value="0" ValueOperation="Set" />
              </EventActions>
            </EventDefinition>
          </EventDefinitions>
          <Options>
            <Option Key="TUNER_INNER_SENSITIVITY" Value="100" />
            <Option Key="TUNER_OUTER_SENSITIVITY" Value="100" />
            <Option Key="TUNER_MULTIPLY_1" Value="1" ValueType="System.Integer" />
            <Option Key="TUNER_MULTIPLY_2" Value="2" ValueType="System.Integer" />
            <Option Key="TUNER_MULTIPLY_3" Value="3" ValueType="System.Integer" />
          </Options>
        </Event>
        <Event BoundTo="RADIOPANEL_UPPER_SELECTOR_COM2">
          <EventDefinitions>
            <EventDefinition Trigger="TUNER_INNER_CLOCKWISE">
              <EventActions>
                <EventActionChangeValue TargetDataDefinition="SIMCONNECT:COM STANDBY FREQUENCY:2" Value="0.025" ValueOperation="Increment" />
              </EventActions>
            </EventDefinition>
            <EventDefinition Trigger="TUNER_INNER_COUNTERCLOCKWISE">
              <EventActions>
                <EventActionChangeValue TargetDataDefinition="SIMCONNECT:COM STANDBY FREQUENCY:2" Value="0.025" ValueOperation="Decrement" />
              </EventActions>
            </EventDefinition>
            <EventDefinition Trigger="TUNER_OUTER_CLOCKWISE">
              <EventActions>
                <EventActionChangeValue TargetDataDefinition="SIMCONNECT:COM STANDBY FREQUENCY:2" Value="1" ValueOperation="Increment" />
              </EventActions>
            </EventDefinition>
            <EventDefinition Trigger="TUNER_OUTER_COUNTERCLOCKWISE">
              <EventActions>
                <EventActionChangeValue TargetDataDefinition="SIMCONNECT:COM STANDBY FREQUENCY:2" Value="1" ValueOperation="Decrement" />
              </EventActions>
            </EventDefinition>
            <EventDefinition Trigger="LEFTDISPLAY">
              <EventActions>
                <EventActionDisplayValue TargetDataDefinition="SIMCONNECT:COM ACTIVE FREQUENCY:2" TargetDisplay="LEFTDISPLAY" />
              </EventActions>
            </EventDefinition>
            <EventDefinition Trigger="RIGHTDISPLAY">
              <EventActions>
                <EventActionDisplayValue TargetDataDefinition="SIMCONNECT:COM STANDBY FREQUENCY:2" TargetDisplay="RIGHTDISPLAY" />
              </EventActions>
            </EventDefinition>
            <EventDefinition Trigger="ACTIVATESHORT">
              <EventActions>
                <EventActionControl TargetDataDefinition="SIMCONNECT:COM2_RADIO_SWAP" Value="0" ValueOperation="Set" />
              </EventActions>
            </EventDefinition>
          </EventDefinitions>
          <Options>
            <Option Key="TUNER_INNER_SENSITIVITY" Value="100" />
            <Option Key="TUNER_OUTER_SENSITIVITY" Value="100" />
            <Option Key="TUNER_MULTIPLY_1" Value="1" ValueType="System.Integer" />
            <Option Key="TUNER_MULTIPLY_2" Value="2" ValueType="System.Integer" />
            <Option Key="TUNER_MULTIPLY_3" Value="3" ValueType="System.Integer" />
          </Options>
        </Event>
        <Event BoundTo="RADIOPANEL_UPPER_SELECTOR_NAV2">
          <EventDefinitions>
            <EventDefinition Trigger="TUNER_INNER_CLOCKWISE">
              <EventActions>
                <EventActionChangeValue TargetDataDefinition="SIMCONNECT:NAV STANDBY FREQUENCY:2" Value="0.05" ValueOperation="Increment" />
              </EventActions>
            </EventDefinition>
            <EventDefinition Trigger="TUNER_INNER_COUNTERCLOCKWISE">
              <EventActions>
                <EventActionChangeValue TargetDataDefinition="SIMCONNECT:NAV STANDBY FREQUENCY:2" Value="0.05" ValueOperation="Decrement" />
              </EventActions>
            </EventDefinition>
            <EventDefinition Trigger="TUNER_OUTER_CLOCKWISE">
              <EventActions>
                <EventActionChangeValue TargetDataDefinition="SIMCONNECT:NAV STANDBY FREQUENCY:2" Value="1" ValueOperation="Increment" />
              </EventActions>
            </EventDefinition>
            <EventDefinition Trigger="TUNER_OUTER_COUNTERCLOCKWISE">
              <EventActions>
                <EventActionChangeValue TargetDataDefinition="SIMCONNECT:NAV STANDBY FREQUENCY:2" Value="1" ValueOperation="Decrement" />
              </EventActions>
            </EventDefinition>
            <EventDefinition Trigger="LEFTDISPLAY">
              <EventActions>
                <EventActionDisplayValue TargetDataDefinition="SIMCONNECT:NAV ACTIVE FREQUENCY:2" TargetDisplay="LEFTDISPLAY" />
              </EventActions>
            </EventDefinition>
            <EventDefinition Trigger="RIGHTDISPLAY">
              <EventActions>
                <EventActionDisplayValue TargetDataDefinition="SIMCONNECT:NAV STANDBY FREQUENCY:2" TargetDisplay="RIGHTDISPLAY" />
              </EventActions>
            </EventDefinition>
            <EventDefinition Trigger="ACTIVATESHORT">
              <EventActions>
                <EventActionControl TargetDataDefinition="SIMCONNECT:NAV2_RADIO_SWAP" Value="0" ValueOperation="Set" />
              </EventActions>
            </EventDefinition>
            <EventDefinition Trigger="ACTIVATELONG">
              <EventActions>
                <EventActionChangeValue TargetDataDefinition="SIMCONNECT:NAV SOUND:2" Value="1" ValueOperation="Set" />
              </EventActions>
            </EventDefinition>
          </EventDefinitions>
          <Options>
            <Option Key="TUNER_INNER_SENSITIVITY" Value="100" />
            <Option Key="TUNER_OUTER_SENSITIVITY" Value="100" />
            <Option Key="TUNER_MULTIPLY_1" Value="1" ValueType="System.Integer" />
            <Option Key="TUNER_MULTIPLY_2" Value="2" ValueType="System.Integer" />
            <Option Key="TUNER_MULTIPLY_3" Value="3" ValueType="System.Integer" />
          </Options>
        </Event>
        <Event BoundTo="RADIOPANEL_UPPER_SELECTOR_NAV1">
          <EventDefinitions>
            <EventDefinition Trigger="TUNER_INNER_CLOCKWISE">
              <EventActions>
                <EventActionChangeValue TargetDataDefinition="SIMCONNECT:NAV STANDBY FREQUENCY:1" Value="0.05" ValueOperation="Increment" />
              </EventActions>
            </EventDefinition>
            <EventDefinition Trigger="TUNER_INNER_COUNTERCLOCKWISE">
              <EventActions>
                <EventActionChangeValue TargetDataDefinition="SIMCONNECT:NAV STANDBY FREQUENCY:1" Value="0.05" ValueOperation="Decrement" />
              </EventActions>
            </EventDefinition>
            <EventDefinition Trigger="TUNER_OUTER_CLOCKWISE">
              <EventActions>
                <EventActionChangeValue TargetDataDefinition="SIMCONNECT:NAV STANDBY FREQUENCY:1" Value="1" ValueOperation="Increment" />
              </EventActions>
            </EventDefinition>
            <EventDefinition Trigger="TUNER_OUTER_COUNTERCLOCKWISE">
              <EventActions>
                <EventActionChangeValue TargetDataDefinition="SIMCONNECT:NAV STANDBY FREQUENCY:1" Value="1" ValueOperation="Decrement" />
              </EventActions>
            </EventDefinition>
            <EventDefinition Trigger="LEFTDISPLAY">
              <EventActions>
                <EventActionDisplayValue TargetDataDefinition="SIMCONNECT:NAV ACTIVE FREQUENCY:1" TargetDisplay="LEFTDISPLAY" />
              </EventActions>
            </EventDefinition>
            <EventDefinition Trigger="RIGHTDISPLAY">
              <EventActions>
                <EventActionDisplayValue TargetDataDefinition="SIMCONNECT:NAV STANDBY FREQUENCY:1" TargetDisplay="RIGHTDISPLAY" />
              </EventActions>
            </EventDefinition>
            <EventDefinition Trigger="ACTIVATESHORT">
              <EventActions>
                <EventActionControl TargetDataDefinition="SIMCONNECT:NAV1_RADIO_SWAP" Value="0" ValueOperation="Set" />
              </EventActions>
            </EventDefinition>
            <EventDefinition Trigger="ACTIVATELONG">
              <EventActions>
                <EventActionChangeValue TargetDataDefinition="SIMCONNECT:NAV SOUND:1" Value="1" ValueOperation="Set" />
              </EventActions>
            </EventDefinition>
          </EventDefinitions>
          <Options>
            <Option Key="TUNER_INNER_SENSITIVITY" Value="100" />
            <Option Key="TUNER_OUTER_SENSITIVITY" Value="100" />
            <Option Key="TUNER_MULTIPLY_1" Value="1" ValueType="System.Integer" />
            <Option Key="TUNER_MULTIPLY_2" Value="2" ValueType="System.Integer" />
            <Option Key="TUNER_MULTIPLY_3" Value="3" ValueType="System.Integer" />
          </Options>
        </Event>
        <Event BoundTo="RADIOPANEL_UPPER_SELECTOR_XPDR">
          <EventDefinitions>
            <EventDefinition Trigger="TUNER_INNER_CLOCKWISE">
              <EventActions>
                <EventActionChangeValue TargetDataDefinition="SIMCONNECT:TRANSPONDER CODE:1" Value="1" ValueOperation="Increment" />
              </EventActions>
            </EventDefinition>
            <EventDefinition Trigger="TUNER_INNER_COUNTERCLOCKWISE">
              <EventActions>
                <EventActionChangeValue TargetDataDefinition="SIMCONNECT:TRANSPONDER CODE:1" Value="1" ValueOperation="Decrement" />
              </EventActions>
            </EventDefinition>
            <EventDefinition Trigger="TUNER_OUTER_CLOCKWISE">
              <EventActions>
                <EventActionChangeValue TargetDataDefinition="SIMCONNECT:KOHLSMAN SETTING MB" Value="1" ValueOperation="Increment" />
              </EventActions>
            </EventDefinition>
            <EventDefinition Trigger="TUNER_OUTER_COUNTERCLOCKWISE">
              <EventActions>
                <EventActionChangeValue TargetDataDefinition="SIMCONNECT:KOHLSMAN SETTING MB" Value="1" ValueOperation="Decrement" />
              </EventActions>
            </EventDefinition>
            <EventDefinition Trigger="LEFTDISPLAY">
              <EventActions>
                <EventActionDisplayValue TargetDataDefinition="SIMCONNECT:KOHLSMAN SETTING MB" TargetDisplay="LEFTDISPLAY" />
              </EventActions>
            </EventDefinition>
            <EventDefinition Trigger="RIGHTDISPLAY">
              <EventActions>
                <EventActionDisplayValue TargetDataDefinition="SIMCONNECT:TRANSPONDER CODE:1" TargetDisplay="RIGHTDISPLAY" />
              </EventActions>
            </EventDefinition>
            <EventDefinition Trigger="ACTIVATESHORT">
              <EventActions>
                <EventActionCommand CommandName="DIGITMARK" />
              </EventActions>
            </EventDefinition>
            <EventDefinition Trigger="ACTIVATELONG">
              <EventActions>
                <EventActionControl TargetDataDefinition="SIMCONNECT:BAROMETRIC_STD_PRESSURE" Value="0" ValueOperation="Set" />
              </EventActions>
            </EventDefinition>
          </EventDefinitions>
          <Options>
            <Option Key="TUNER_INNER_SENSITIVITY" Value="100" />
            <Option Key="TUNER_OUTER_SENSITIVITY" Value="100" />
            <Option Key="TUNER_MULTIPLY_1" Value="1" ValueType="System.Integer" />
            <Option Key="TUNER_MULTIPLY_2" Value="2" ValueType="System.Integer" />
            <Option Key="TUNER_MULTIPLY_3" Value="3" ValueType="System.Integer" />
          </Options>
        </Event>
        <Event BoundTo="RADIOPANEL_LOWER_SELECTOR_COM1">
          <EventDefinitions>
            <EventDefinition Trigger="TUNER_INNER_CLOCKWISE">
              <EventActions>
                <EventActionChangeValue TargetDataDefinition="SIMCONNECT:COM STANDBY FREQUENCY:1" Value="0.025" ValueOperation="Increment" />
              </EventActions>
            </EventDefinition>
            <EventDefinition Trigger="TUNER_INNER_COUNTERCLOCKWISE">
              <EventActions>
                <EventActionChangeValue TargetDataDefinition="SIMCONNECT:COM STANDBY FREQUENCY:1" Value="0.025" ValueOperation="Decrement" />
              </EventActions>
            </EventDefinition>
            <EventDefinition Trigger="TUNER_OUTER_CLOCKWISE">
              <EventActions>
                <EventActionChangeValue TargetDataDefinition="SIMCONNECT:COM STANDBY FREQUENCY:1" Value="1" ValueOperation="Increment" />
              </EventActions>
            </EventDefinition>
            <EventDefinition Trigger="TUNER_OUTER_COUNTERCLOCKWISE">
              <EventActions>
                <EventActionChangeValue TargetDataDefinition="SIMCONNECT:COM STANDBY FREQUENCY:1" Value="1" ValueOperation="Decrement" />
              </EventActions>
            </EventDefinition>
            <EventDefinition Trigger="LEFTDISPLAY">
              <EventActions>
                <EventActionDisplayValue TargetDataDefinition="SIMCONNECT:COM ACTIVE FREQUENCY:1" TargetDisplay="LEFTDISPLAY" />
              </EventActions>
            </EventDefinition>
            <EventDefinition Trigger="RIGHTDISPLAY">
              <EventActions>
                <EventActionDisplayValue TargetDataDefinition="SIMCONNECT:COM STANDBY FREQUENCY:1" TargetDisplay="RIGHTDISPLAY" />
              </EventActions>
            </EventDefinition>
            <EventDefinition Trigger="ACTIVATESHORT">
              <EventActions>
                <EventActionControl TargetDataDefinition="SIMCONNECT:COM_STBY_RADIO_SWAP" Value="0" ValueOperation="Set" />
              </EventActions>
            </EventDefinition>
          </EventDefinitions>
          <Options>
            <Option Key="TUNER_INNER_SENSITIVITY" Value="100" />
            <Option Key="TUNER_OUTER_SENSITIVITY" Value="100" />
            <Option Key="TUNER_MULTIPLY_1" Value="1" ValueType="System.Integer" />
            <Option Key="TUNER_MULTIPLY_2" Value="2" ValueType="System.Integer" />
            <Option Key="TUNER_MULTIPLY_3" Value="3" ValueType="System.Integer" />
          </Options>
        </Event>
        <Event BoundTo="RADIOPANEL_LOWER_SELECTOR_COM2">
          <EventDefinitions>
            <EventDefinition Trigger="TUNER_INNER_CLOCKWISE">
              <EventActions>
                <EventActionChangeValue TargetDataDefinition="SIMCONNECT:COM STANDBY FREQUENCY:2" Value="0.025" ValueOperation="Increment" />
              </EventActions>
            </EventDefinition>
            <EventDefinition Trigger="TUNER_INNER_COUNTERCLOCKWISE">
              <EventActions>
                <EventActionChangeValue TargetDataDefinition="SIMCONNECT:COM STANDBY FREQUENCY:2" Value="0.025" ValueOperation="Decrement" />
              </EventActions>
            </EventDefinition>
            <EventDefinition Trigger="TUNER_OUTER_CLOCKWISE">
              <EventActions>
                <EventActionChangeValue TargetDataDefinition="SIMCONNECT:COM STANDBY FREQUENCY:2" Value="1" ValueOperation="Increment" />
              </EventActions>
            </EventDefinition>
            <EventDefinition Trigger="TUNER_OUTER_COUNTERCLOCKWISE">
              <EventActions>
                <EventActionChangeValue TargetDataDefinition="SIMCONNECT:COM STANDBY FREQUENCY:2" Value="1" ValueOperation="Decrement" />
              </EventActions>
            </EventDefinition>
            <EventDefinition Trigger="LEFTDISPLAY">
              <EventActions>
                <EventActionDisplayValue TargetDataDefinition="SIMCONNECT:COM ACTIVE FREQUENCY:2" TargetDisplay="LEFTDISPLAY" />
              </EventActions>
            </EventDefinition>
            <EventDefinition Trigger="RIGHTDISPLAY">
              <EventActions>
                <EventActionDisplayValue TargetDataDefinition="SIMCONNECT:COM STANDBY FREQUENCY:2" TargetDisplay="RIGHTDISPLAY" />
              </EventActions>
            </EventDefinition>
            <EventDefinition Trigger="ACTIVATESHORT">
              <EventActions>
                <EventActionControl TargetDataDefinition="SIMCONNECT:COM2_RADIO_SWAP" Value="0" ValueOperation="Set" />
              </EventActions>
            </EventDefinition>
          </EventDefinitions>
          <Options>
            <Option Key="TUNER_INNER_SENSITIVITY" Value="100" />
            <Option Key="TUNER_OUTER_SENSITIVITY" Value="100" />
            <Option Key="TUNER_MULTIPLY_1" Value="1" ValueType="System.Integer" />
            <Option Key="TUNER_MULTIPLY_2" Value="2" ValueType="System.Integer" />
            <Option Key="TUNER_MULTIPLY_3" Value="3" ValueType="System.Integer" />
          </Options>
        </Event>
        <Event BoundTo="RADIOPANEL_LOWER_SELECTOR_NAV2">
          <EventDefinitions>
            <EventDefinition Trigger="TUNER_INNER_CLOCKWISE">
              <EventActions>
                <EventActionChangeValue TargetDataDefinition="SIMCONNECT:NAV STANDBY FREQUENCY:2" Value="0.05" ValueOperation="Increment" />
              </EventActions>
            </EventDefinition>
            <EventDefinition Trigger="TUNER_INNER_COUNTERCLOCKWISE">
              <EventActions>
                <EventActionChangeValue TargetDataDefinition="SIMCONNECT:NAV STANDBY FREQUENCY:2" Value="0.05" ValueOperation="Decrement" />
              </EventActions>
            </EventDefinition>
            <EventDefinition Trigger="TUNER_OUTER_CLOCKWISE">
              <EventActions>
                <EventActionChangeValue TargetDataDefinition="SIMCONNECT:NAV STANDBY FREQUENCY:2" Value="1" ValueOperation="Increment" />
              </EventActions>
            </EventDefinition>
            <EventDefinition Trigger="TUNER_OUTER_COUNTERCLOCKWISE">
              <EventActions>
                <EventActionChangeValue TargetDataDefinition="SIMCONNECT:NAV STANDBY FREQUENCY:2" Value="1" ValueOperation="Decrement" />
              </EventActions>
            </EventDefinition>
            <EventDefinition Trigger="LEFTDISPLAY">
              <EventActions>
                <EventActionDisplayValue TargetDataDefinition="SIMCONNECT:NAV ACTIVE FREQUENCY:2" TargetDisplay="LEFTDISPLAY" />
              </EventActions>
            </EventDefinition>
            <EventDefinition Trigger="RIGHTDISPLAY">
              <EventActions>
                <EventActionDisplayValue TargetDataDefinition="SIMCONNECT:NAV STANDBY FREQUENCY:2" TargetDisplay="RIGHTDISPLAY" />
              </EventActions>
            </EventDefinition>
            <EventDefinition Trigger="ACTIVATESHORT">
              <EventActions>
                <EventActionControl TargetDataDefinition="SIMCONNECT:NAV2_RADIO_SWAP" Value="0" ValueOperation="Set" />
              </EventActions>
            </EventDefinition>
            <EventDefinition Trigger="ACTIVATELONG">
              <EventActions>
                <EventActionChangeValue TargetDataDefinition="SIMCONNECT:NAV SOUND:2" Value="1" ValueOperation="Set" />
              </EventActions>
            </EventDefinition>
          </EventDefinitions>
          <Options>
            <Option Key="TUNER_INNER_SENSITIVITY" Value="100" />
            <Option Key="TUNER_OUTER_SENSITIVITY" Value="100" />
            <Option Key="TUNER_MULTIPLY_1" Value="1" ValueType="System.Integer" />
            <Option Key="TUNER_MULTIPLY_2" Value="2" ValueType="System.Integer" />
            <Option Key="TUNER_MULTIPLY_3" Value="3" ValueType="System.Integer" />
          </Options>
        </Event>
        <Event BoundTo="RADIOPANEL_LOWER_SELECTOR_NAV1">
          <EventDefinitions>
            <EventDefinition Trigger="TUNER_INNER_CLOCKWISE">
              <EventActions>
                <EventActionChangeValue TargetDataDefinition="SIMCONNECT:NAV STANDBY FREQUENCY:1" Value="0.05" ValueOperation="Increment" />
              </EventActions>
            </EventDefinition>
            <EventDefinition Trigger="TUNER_INNER_COUNTERCLOCKWISE">
              <EventActions>
                <EventActionChangeValue TargetDataDefinition="SIMCONNECT:NAV STANDBY FREQUENCY:1" Value="0.05" ValueOperation="Decrement" />
              </EventActions>
            </EventDefinition>
            <EventDefinition Trigger="TUNER_OUTER_CLOCKWISE">
              <EventActions>
                <EventActionChangeValue TargetDataDefinition="SIMCONNECT:NAV STANDBY FREQUENCY:1" Value="1" ValueOperation="Increment" />
              </EventActions>
            </EventDefinition>
            <EventDefinition Trigger="TUNER_OUTER_COUNTERCLOCKWISE">
              <EventActions>
                <EventActionChangeValue TargetDataDefinition="SIMCONNECT:NAV STANDBY FREQUENCY:1" Value="1" ValueOperation="Decrement" />
              </EventActions>
            </EventDefinition>
            <EventDefinition Trigger="LEFTDISPLAY">
              <EventActions>
                <EventActionDisplayValue TargetDataDefinition="SIMCONNECT:NAV ACTIVE FREQUENCY:1" TargetDisplay="LEFTDISPLAY" />
              </EventActions>
            </EventDefinition>
            <EventDefinition Trigger="RIGHTDISPLAY">
              <EventActions>
                <EventActionDisplayValue TargetDataDefinition="SIMCONNECT:NAV STANDBY FREQUENCY:1" TargetDisplay="RIGHTDISPLAY" />
              </EventActions>
            </EventDefinition>
            <EventDefinition Trigger="ACTIVATESHORT">
              <EventActions>
                <EventActionControl TargetDataDefinition="SIMCONNECT:NAV1_RADIO_SWAP" Value="0" ValueOperation="Set" />
              </EventActions>
            </EventDefinition>
            <EventDefinition Trigger="ACTIVATELONG">
              <EventActions>
                <EventActionChangeValue TargetDataDefinition="SIMCONNECT:NAV SOUND:1" Value="1" ValueOperation="Set" />
              </EventActions>
            </EventDefinition>
          </EventDefinitions>
          <Options>
            <Option Key="TUNER_INNER_SENSITIVITY" Value="100" />
            <Option Key="TUNER_OUTER_SENSITIVITY" Value="100" />
            <Option Key="TUNER_MULTIPLY_1" Value="1" ValueType="System.Integer" />
            <Option Key="TUNER_MULTIPLY_2" Value="2" ValueType="System.Integer" />
            <Option Key="TUNER_MULTIPLY_3" Value="3" ValueType="System.Integer" />
          </Options>
        </Event>
        <Event BoundTo="RADIOPANEL_LOWER_SELECTOR_ADF">
          <EventDefinitions>
            <EventDefinition Trigger="TUNER_INNER_CLOCKWISE">
              <EventActions>
                <EventActionChangeValue TargetDataDefinition="SIMCONNECT:ADF ACTIVE FREQUENCY:1" Value="0.1" ValueOperation="Increment" />
              </EventActions>
            </EventDefinition>
            <EventDefinition Trigger="TUNER_INNER_COUNTERCLOCKWISE">
              <EventActions>
                <EventActionChangeValue TargetDataDefinition="SIMCONNECT:ADF ACTIVE FREQUENCY:1" Value="0.1" ValueOperation="Decrement" />
              </EventActions>
            </EventDefinition>
            <EventDefinition Trigger="TUNER_OUTER_CLOCKWISE">
              <EventActions>
                <EventActionChangeValue TargetDataDefinition="SIMCONNECT:ADF ACTIVE FREQUENCY:1" Value="10" ValueOperation="Increment" />
              </EventActions>
            </EventDefinition>
            <EventDefinition Trigger="TUNER_OUTER_COUNTERCLOCKWISE">
              <EventActions>
                <EventActionChangeValue TargetDataDefinition="SIMCONNECT:ADF ACTIVE FREQUENCY:1" Value="10" ValueOperation="Decrement" />
              </EventActions>
            </EventDefinition>
            <EventDefinition Trigger="LEFTDISPLAY">
              <EventActions>
                <EventActionDisplayValue TargetDataDefinition="SIMCONNECT:ADF ACTIVE FREQUENCY:1" TargetDisplay="LEFTDISPLAY" />
              </EventActions>
            </EventDefinition>
          </EventDefinitions>
          <Options>
            <Option Key="TUNER_INNER_SENSITIVITY" Value="100" />
            <Option Key="TUNER_OUTER_SENSITIVITY" Value="100" />
            <Option Key="TUNER_MULTIPLY_1" Value="1" ValueType="System.Integer" />
            <Option Key="TUNER_MULTIPLY_2" Value="2" ValueType="System.Integer" />
            <Option Key="TUNER_MULTIPLY_3" Value="3" ValueType="System.Integer" />
          </Options>
        </Event>
        <Event BoundTo="RADIOPANEL_LOWER_SELECTOR_DME">
          <EventDefinitions>
            <EventDefinition Trigger="LEFTDISPLAY">
              <EventActions>
                <EventActionDisplayValue TargetDataDefinition="SIMCONNECT:NAV DME:1" TargetDisplay="LEFTDISPLAY" />
              </EventActions>
            </EventDefinition>
            <EventDefinition Trigger="RIGHTDISPLAY">
              <EventActions>
                <EventActionDisplayValue TargetDataDefinition="SIMCONNECT:NAV DMESPEED:1" TargetDisplay="RIGHTDISPLAY" />
              </EventActions>
            </EventDefinition>
          </EventDefinitions>
          <Options>
            <Option Key="TUNER_INNER_SENSITIVITY" Value="100" ValueType="System.Integer" />
            <Option Key="TUNER_OUTER_SENSITIVITY" Value="100" ValueType="System.Integer" />
            <Option Key="TUNER_MULTIPLY_1" Value="1" ValueType="System.Integer" />
            <Option Key="TUNER_MULTIPLY_2" Value="2" ValueType="System.Integer" />
            <Option Key="TUNER_MULTIPLY_3" Value="3" ValueType="System.Integer" />
          </Options>
        </Event>
        <Event BoundTo="RADIOPANEL_LOWER_SELECTOR_XPDR">
          <EventDefinitions>
            <EventDefinition Trigger="TUNER_INNER_CLOCKWISE">
              <EventActions>
                <EventActionChangeValue TargetDataDefinition="SIMCONNECT:TRANSPONDER CODE:1" Value="1" ValueOperation="Increment" />
              </EventActions>
            </EventDefinition>
            <EventDefinition Trigger="TUNER_INNER_COUNTERCLOCKWISE">
              <EventActions>
                <EventActionChangeValue TargetDataDefinition="SIMCONNECT:TRANSPONDER CODE:1" Value="1" ValueOperation="Decrement" />
              </EventActions>
            </EventDefinition>
            <EventDefinition Trigger="TUNER_OUTER_CLOCKWISE">
              <EventActions>
                <EventActionChangeValue TargetDataDefinition="SIMCONNECT:KOHLSMAN SETTING MB" Value="1" ValueOperation="Increment" />
              </EventActions>
            </EventDefinition>
            <EventDefinition Trigger="TUNER_OUTER_COUNTERCLOCKWISE">
              <EventActions>
                <EventActionChangeValue TargetDataDefinition="SIMCONNECT:KOHLSMAN SETTING MB" Value="1" ValueOperation="Decrement" />
              </EventActions>
            </EventDefinition>
            <EventDefinition Trigger="LEFTDISPLAY">
              <EventActions>
                <EventActionDisplayValue TargetDataDefinition="SIMCONNECT:KOHLSMAN SETTING MB" TargetDisplay="LEFTDISPLAY" />
              </EventActions>
            </EventDefinition>
            <EventDefinition Trigger="RIGHTDISPLAY">
              <EventActions>
                <EventActionDisplayValue TargetDataDefinition="SIMCONNECT:TRANSPONDER CODE:1" TargetDisplay="RIGHTDISPLAY" />
              </EventActions>
            </EventDefinition>
            <EventDefinition Trigger="ACTIVATESHORT">
              <EventActions>
                <EventActionCommand CommandName="DIGITMARK" />
              </EventActions>
            </EventDefinition>
            <EventDefinition Trigger="ACTIVATELONG">
              <EventActions>
                <EventActionControl TargetDataDefinition="SIMCONNECT:BAROMETRIC_STD_PRESSURE" Value="0" ValueOperation="Set" />
              </EventActions>
            </EventDefinition>
          </EventDefinitions>
          <Options>
            <Option Key="TUNER_INNER_SENSITIVITY" Value="100" />
            <Option Key="TUNER_OUTER_SENSITIVITY" Value="100" />
            <Option Key="TUNER_MULTIPLY_1" Value="1" ValueType="System.Integer" />
            <Option Key="TUNER_MULTIPLY_2" Value="2" ValueType="System.Integer" />
            <Option Key="TUNER_MULTIPLY_3" Value="3" ValueType="System.Integer" />
          </Options>
        </Event>
        <Event BoundTo="CONFIGURE_PANEL_STATUS">
          <EventDefinitions>
            <EventDefinition Trigger="VALUE">
              <EventConditions>
                <EventCondition ConditionComparator="Equals" ConditionTargetValue="1" ConditionValueSource="SIMCONNECT:AVIONICS MASTER SWITCH" />
              </EventConditions>
              <EventActions>
                <EventActionCommand CommandName="SPAD_neXt.Device_PowerON" />
              </EventActions>
            </EventDefinition>
            <EventDefinition Trigger="VALUE">
              <EventConditions>
                <EventCondition ConditionComparator="Equals" ConditionTargetValue="0" ConditionValueSource="SIMCONNECT:AVIONICS MASTER SWITCH" />
              </EventConditions>
              <EventActions>
                <EventActionCommand CommandName="SPAD_neXt.Device_PowerOFF" />
              </EventActions>
            </EventDefinition>
          </EventDefinitions>
        </Event>
        <Event BoundTo="RADIOPANEL_UPPER_SELECTOR_ADF">
          <EventDefinitions>
            <EventDefinition Trigger="TUNER_INNER_CLOCKWISE">
              <EventActions>
                <EventActionChangeValue TargetDataDefinition="SIMCONNECT:ADF ACTIVE FREQUENCY:1" Value="0.1" ValueOperation="Increment" />
              </EventActions>
            </EventDefinition>
            <EventDefinition Trigger="TUNER_INNER_COUNTERCLOCKWISE">
              <EventActions>
                <EventActionChangeValue TargetDataDefinition="SIMCONNECT:ADF ACTIVE FREQUENCY:1" Value="0.1" ValueOperation="Decrement" />
              </EventActions>
            </EventDefinition>
            <EventDefinition Trigger="TUNER_OUTER_CLOCKWISE">
              <EventActions>
                <EventActionChangeValue TargetDataDefinition="SIMCONNECT:ADF ACTIVE FREQUENCY:1" Value="10" ValueOperation="Increment" />
              </EventActions>
            </EventDefinition>
            <EventDefinition Trigger="TUNER_OUTER_COUNTERCLOCKWISE">
              <EventActions>
                <EventActionChangeValue TargetDataDefinition="SIMCONNECT:ADF ACTIVE FREQUENCY:1" Value="10" ValueOperation="Decrement" />
              </EventActions>
            </EventDefinition>
            <EventDefinition Trigger="LEFTDISPLAY">
              <EventActions>
                <EventActionDisplayValue TargetDataDefinition="SIMCONNECT:ADF ACTIVE FREQUENCY:1" TargetDisplay="LEFTDISPLAY" DisplayFormat="000.0" />
              </EventActions>
            </EventDefinition>
          </EventDefinitions>
          <Options>
            <Option Key="TUNER_INNER_SENSITIVITY" Value="100" />
            <Option Key="TUNER_OUTER_SENSITIVITY" Value="100" />
            <Option Key="TUNER_MULTIPLY_1" Value="1" ValueType="System.Integer" />
            <Option Key="TUNER_MULTIPLY_2" Value="2" ValueType="System.Integer" />
            <Option Key="TUNER_MULTIPLY_3" Value="3" ValueType="System.Integer" />
          </Options>
        </Event>
        <Event BoundTo="RADIOPANEL_UPPER_SELECTOR_DME">
          <EventDefinitions>
            <EventDefinition Trigger="LEFTDISPLAY">
              <EventActions>
                <EventActionDisplayValue TargetDataDefinition="SIMCONNECT:NAV DME:1" TargetDisplay="LEFTDISPLAY" DisplayFormat="0.0" />
              </EventActions>
            </EventDefinition>
            <EventDefinition Trigger="RIGHTDISPLAY">
              <EventActions>
                <EventActionDisplayValue TargetDataDefinition="SIMCONNECT:NAV DMESPEED:1" TargetDisplay="RIGHTDISPLAY" DisplayFormat="0.0" />
              </EventActions>
            </EventDefinition>
          </EventDefinitions>
          <Options>
            <Option Key="TUNER_INNER_SENSITIVITY" Value="100" />
            <Option Key="TUNER_OUTER_SENSITIVITY" Value="100" />
            <Option Key="TUNER_MULTIPLY_1" Value="1" ValueType="System.Integer" />
            <Option Key="TUNER_MULTIPLY_2" Value="2" ValueType="System.Integer" />
            <Option Key="TUNER_MULTIPLY_3" Value="3" ValueType="System.Integer" />
          </Options>
        </Event>
      </Events>
    </Device>
    <Device VendorID="0x06A3" ProductID="0x0D67" DevicePath="\\?\hid#vid_06a3&amp;pid_0d67#6&amp;215e18fe&amp;0&amp;0000#{4d1e55b2-f16f-11cf-88cb-001111000030}" Serial="" DeviceIndex="0" Version="1">
      <Events>
        <Event BoundTo="SWITCH_GEAR">
          <EventDefinitions>
            <EventDefinition Trigger="GEAR_DOWN">
              <EventActions>
                <EventActionChangeValue TargetDataDefinition="SIMCONNECT:GEAR HANDLE POSITION" Value="1" ValueOperation="Set" />
              </EventActions>
            </EventDefinition>
            <EventDefinition Trigger="GEAR_UP">
              <EventActions>
                <EventActionChangeValue TargetDataDefinition="SIMCONNECT:GEAR HANDLE POSITION" Value="0" ValueOperation="Set" />
              </EventActions>
            </EventDefinition>
          </EventDefinitions>
        </Event>
        <Event BoundTo="GEAR_STATE_NOSE">
          <EventDefinitions>
            <EventDefinition Trigger="VALUE" IsFinal="true">
              <EventConditions>
                <EventCondition ConditionComparator="Equals" ConditionTargetValue="0" ConditionValueSource="SIMCONNECT:GEAR CENTER POSITION" />
              </EventConditions>
              <EventActions>
                <EventActionLEDColor Color="OFF" />
              </EventActions>
            </EventDefinition>
            <EventDefinition Trigger="VALUE" IsFinal="true">
              <EventConditions>
                <EventCondition ConditionComparator="Equals" ConditionTargetValue="100" ConditionValueSource="SIMCONNECT:GEAR CENTER POSITION" />
              </EventConditions>
              <EventActions>
                <EventActionLEDColor Color="GREEN" />
              </EventActions>
            </EventDefinition>
            <EventDefinition Trigger="VALUE">
              <EventConditions>
                <EventCondition ConditionComparator="Less" ConditionTargetValue="100" ConditionValueSource="SIMCONNECT:GEAR CENTER POSITION" />
              </EventConditions>
              <EventActions>
                <EventActionLEDColor Color="RED" />
              </EventActions>
            </EventDefinition>
          </EventDefinitions>
        </Event>
        <Event BoundTo="GEAR_STATE_RIGHT">
          <EventDefinitions>
            <EventDefinition Trigger="VALUE" IsFinal="true">
              <EventConditions>
                <EventCondition ConditionComparator="Equals" ConditionTargetValue="0" ConditionValueSource="SIMCONNECT:GEAR RIGHT POSITION" />
              </EventConditions>
              <EventActions>
                <EventActionLEDColor Color="OFF" />
              </EventActions>
            </EventDefinition>
            <EventDefinition Trigger="VALUE" IsFinal="true">
              <EventConditions>
                <EventCondition ConditionComparator="Equals" ConditionTargetValue="100" ConditionValueSource="SIMCONNECT:GEAR RIGHT POSITION" />
              </EventConditions>
              <EventActions>
                <EventActionLEDColor Color="GREEN" />
              </EventActions>
            </EventDefinition>
            <EventDefinition Trigger="VALUE">
              <EventConditions>
                <EventCondition ConditionComparator="Less" ConditionTargetValue="100" ConditionValueSource="SIMCONNECT:GEAR RIGHT POSITION" />
              </EventConditions>
              <EventActions>
                <EventActionLEDColor Color="RED" />
              </EventActions>
            </EventDefinition>
          </EventDefinitions>
        </Event>
        <Event BoundTo="GEAR_STATE_LEFT">
          <EventDefinitions>
            <EventDefinition Trigger="VALUE" IsFinal="true">
              <EventConditions>
                <EventCondition ConditionComparator="Equals" ConditionTargetValue="0" ConditionValueSource="SIMCONNECT:GEAR LEFT POSITION" />
              </EventConditions>
              <EventActions>
                <EventActionLEDColor Color="OFF" />
              </EventActions>
            </EventDefinition>
            <EventDefinition Trigger="VALUE" IsFinal="true">
              <EventConditions>
                <EventCondition ConditionComparator="Equals" ConditionTargetValue="100" ConditionValueSource="SIMCONNECT:GEAR LEFT POSITION" />
              </EventConditions>
              <EventActions>
                <EventActionLEDColor Color="GREEN" />
              </EventActions>
            </EventDefinition>
            <EventDefinition Trigger="VALUE">
              <EventConditions>
                <EventCondition ConditionComparator="Less" ConditionTargetValue="100" ConditionValueSource="SIMCONNECT:GEAR LEFT POSITION" />
              </EventConditions>
              <EventActions>
                <EventActionLEDColor Color="RED" />
              </EventActions>
            </EventDefinition>
          </EventDefinitions>
        </Event>
        <Event BoundTo="CONFIGURE_PANEL_STATUS">
          <EventDefinitions>
            <EventDefinition Trigger="VALUE">
              <EventConditions>
                <EventCondition ConditionComparator="Equals" ConditionTargetValue="1" ConditionValueSource="SIMCONNECT:ELECTRICAL MASTER BATTERY" />
              </EventConditions>
              <EventActions>
                <EventActionCommand CommandName="SPAD_neXt.Device_PowerON" />
              </EventActions>
            </EventDefinition>
            <EventDefinition Trigger="VALUE">
              <EventConditions>
                <EventCondition ConditionComparator="Equals" ConditionTargetValue="0" ConditionValueSource="SIMCONNECT:ELECTRICAL MASTER BATTERY" />
              </EventConditions>
              <EventActions>
                <EventActionCommand CommandName="SPAD_neXt.Device_PowerOFF" />
              </EventActions>
            </EventDefinition>
          </EventDefinitions>
        </Event>
        <Event BoundTo="SWITCH_AVIONICS_MASTER">
          <EventDefinitions>
            <EventDefinition Trigger="VALUEON">
              <EventConditions>
                <EventCondition ConditionComparator="Unequal" ConditionTargetValue="1" ConditionValueSource="SIMCONNECT:AVIONICS MASTER SWITCH" />
              </EventConditions>
              <EventActions>
                <EventActionChangeValue TargetDataDefinition="SIMCONNECT:AVIONICS MASTER SWITCH" Value="1" ValueOperation="Set" />
              </EventActions>
            </EventDefinition>
            <EventDefinition Trigger="VALUEOFF">
              <EventConditions>
                <EventCondition ConditionComparator="Unequal" ConditionTargetValue="0" ConditionValueSource="SIMCONNECT:AVIONICS MASTER SWITCH" />
              </EventConditions>
              <EventActions>
                <EventActionChangeValue TargetDataDefinition="SIMCONNECT:AVIONICS MASTER SWITCH" Value="0" ValueOperation="Set" />
              </EventActions>
            </EventDefinition>
          </EventDefinitions>
        </Event>
        <Event BoundTo="SWITCH_MASTER_BAT">
          <EventDefinitions>
            <EventDefinition Trigger="VALUEON">
              <EventConditions>
                <EventCondition ConditionComparator="Unequal" ConditionTargetValue="1" ConditionValueSource="SIMCONNECT:ELECTRICAL MASTER BATTERY" />
              </EventConditions>
              <EventActions>
                <EventActionChangeValue TargetDataDefinition="SIMCONNECT:ELECTRICAL MASTER BATTERY" Value="1" ValueOperation="Set" />
              </EventActions>
            </EventDefinition>
            <EventDefinition Trigger="VALUEOFF">
              <EventConditions>
                <EventCondition ConditionComparator="Unequal" ConditionTargetValue="0" ConditionValueSource="SIMCONNECT:ELECTRICAL MASTER BATTERY" />
              </EventConditions>
              <EventActions>
                <EventActionChangeValue TargetDataDefinition="SIMCONNECT:ELECTRICAL MASTER BATTERY" Value="0" ValueOperation="Set" />
              </EventActions>
            </EventDefinition>
          </EventDefinitions>
        </Event>
        <Event BoundTo="SWITCH_MASTER_ALT">
          <EventDefinitions>
            <EventDefinition Trigger="VALUEON">
              <EventConditions>
                <EventCondition ConditionComparator="Equals" ConditionTargetValue="0" ConditionValueSource="SIMCONNECT:GENERAL ENG MASTER ALTERNATOR:1" />
              </EventConditions>
              <EventActions>
                <EventActionChangeValue TargetDataDefinition="SIMCONNECT:GENERAL ENG MASTER ALTERNATOR:1" Value="1" ValueOperation="Set" />
                <EventActionChangeValue TargetDataDefinition="SIMCONNECT:GENERAL ENG MASTER ALTERNATOR:2" Value="1" ValueOperation="Set" />
                <EventActionChangeValue TargetDataDefinition="SIMCONNECT:GENERAL ENG MASTER ALTERNATOR:3" Value="1" ValueOperation="Set" />
                <EventActionChangeValue TargetDataDefinition="SIMCONNECT:GENERAL ENG MASTER ALTERNATOR:4" Value="1" ValueOperation="Set" />
              </EventActions>
            </EventDefinition>
            <EventDefinition Trigger="VALUEOFF">
              <EventConditions>
                <EventCondition ConditionComparator="Equals" ConditionTargetValue="1" ConditionValueSource="SIMCONNECT:GENERAL ENG MASTER ALTERNATOR:1" />
              </EventConditions>
              <EventActions>
                <EventActionChangeValue TargetDataDefinition="SIMCONNECT:GENERAL ENG MASTER ALTERNATOR:1" Value="0" ValueOperation="Set" />
                <EventActionChangeValue TargetDataDefinition="SIMCONNECT:GENERAL ENG MASTER ALTERNATOR:2" Value="0" ValueOperation="Set" />
                <EventActionChangeValue TargetDataDefinition="SIMCONNECT:GENERAL ENG MASTER ALTERNATOR:3" Value="0" ValueOperation="Set" />
                <EventActionChangeValue TargetDataDefinition="SIMCONNECT:GENERAL ENG MASTER ALTERNATOR:4" Value="0" ValueOperation="Set" />
              </EventActions>
            </EventDefinition>
          </EventDefinitions>
        </Event>
        <Event BoundTo="SWITCH_COWL">
          <EventDefinitions>
            <EventDefinition Trigger="VALUEON">
              <EventConditions>
                <EventCondition ConditionComparator="Equals" ConditionTargetValue="0" ConditionValueSource="SIMCONNECT:RECIP ENG COWL FLAP POSITION:1" />
              </EventConditions>
              <EventActions>
                <EventActionChangeValue TargetDataDefinition="SIMCONNECT:RECIP ENG COWL FLAP POSITION:1" Value="100" ValueOperation="Set" />
              </EventActions>
            </EventDefinition>
            <EventDefinition Trigger="VALUEOFF">
              <EventConditions>
                <EventCondition ConditionComparator="Unequal" ConditionTargetValue="0" ConditionValueSource="SIMCONNECT:RECIP ENG COWL FLAP POSITION:1" />
              </EventConditions>
              <EventActions>
                <EventActionChangeValue TargetDataDefinition="SIMCONNECT:RECIP ENG COWL FLAP POSITION:1" Value="0" ValueOperation="Set" />
              </EventActions>
            </EventDefinition>
          </EventDefinitions>
        </Event>
        <Event BoundTo="SWITCH_ENGINE">
          <EventDefinitions>
            <EventDefinition Trigger="SEL_OFF_VALUEON">
              <EventActions>
                <EventActionControl TargetDataDefinition="SIMCONNECT:MAGNETO_OFF" Value="0" ValueOperation="Set" />
              </EventActions>
            </EventDefinition>
            <EventDefinition Trigger="SEL_R_VALUEON">
              <EventActions>
                <EventActionControl TargetDataDefinition="SIMCONNECT:MAGNETO_RIGHT" Value="0" ValueOperation="Set" />
              </EventActions>
            </EventDefinition>
            <EventDefinition Trigger="SEL_L_VALUEON">
              <EventActions>
                <EventActionControl TargetDataDefinition="SIMCONNECT:MAGNETO_LEFT" Value="0" ValueOperation="Set" />
              </EventActions>
            </EventDefinition>
            <EventDefinition Trigger="SEL_ALL_VALUEON">
              <EventActions>
                <EventActionControl TargetDataDefinition="SIMCONNECT:MAGNETO_BOTH" Value="0" ValueOperation="Set" />
              </EventActions>
            </EventDefinition>
            <EventDefinition Trigger="SEL_START_VALUEON">
              <EventActions>
                <EventActionControl TargetDataDefinition="SIMCONNECT:MAGNETO_START" Value="0" ValueOperation="Set" />
              </EventActions>
            </EventDefinition>
          </EventDefinitions>
        </Event>
        <Event BoundTo="SWITCH_FUEL_PUMP">
          <EventDefinitions>
            <EventDefinition Trigger="VALUEON">
              <EventConditions>
                <EventCondition ConditionComparator="Unequal" ConditionTargetValue="1" ConditionValueSource="SIMCONNECT:GENERAL ENG FUEL PUMP SWITCH:1" />
              </EventConditions>
              <EventActions>
                <EventActionChangeValue TargetDataDefinition="SIMCONNECT:GENERAL ENG FUEL PUMP SWITCH:1" Value="1" ValueOperation="Set" />
                <EventActionChangeValue TargetDataDefinition="SIMCONNECT:GENERAL ENG FUEL PUMP SWITCH:2" Value="1" ValueOperation="Set" />
                <EventActionChangeValue TargetDataDefinition="SIMCONNECT:GENERAL ENG FUEL PUMP SWITCH:3" Value="1" ValueOperation="Set" />
                <EventActionChangeValue TargetDataDefinition="SIMCONNECT:GENERAL ENG FUEL PUMP SWITCH:4" Value="1" ValueOperation="Set" />
              </EventActions>
            </EventDefinition>
            <EventDefinition Trigger="VALUEOFF">
              <EventConditions>
                <EventCondition ConditionComparator="Unequal" ConditionTargetValue="0" ConditionValueSource="SIMCONNECT:GENERAL ENG FUEL PUMP SWITCH:1" />
              </EventConditions>
              <EventActions>
                <EventActionChangeValue TargetDataDefinition="SIMCONNECT:GENERAL ENG FUEL PUMP SWITCH:1" Value="0" ValueOperation="Set" />
                <EventActionChangeValue TargetDataDefinition="SIMCONNECT:GENERAL ENG FUEL PUMP SWITCH:2" Value="0" ValueOperation="Set" />
                <EventActionChangeValue TargetDataDefinition="SIMCONNECT:GENERAL ENG FUEL PUMP SWITCH:3" Value="0" ValueOperation="Set" />
                <EventActionChangeValue TargetDataDefinition="SIMCONNECT:GENERAL ENG FUEL PUMP SWITCH:4" Value="0" ValueOperation="Set" />
              </EventActions>
            </EventDefinition>
          </EventDefinitions>
        </Event>
        <Event BoundTo="SWITCH_PANEL_LIGHTS">
          <EventDefinitions>
            <EventDefinition Trigger="VALUEON">
              <EventConditions>
                <EventCondition ConditionComparator="Unequal" ConditionTargetValue="1" ConditionValueSource="SIMCONNECT:LIGHT PANEL" />
              </EventConditions>
              <EventActions>
                <EventActionControl TargetDataDefinition="SIMCONNECT:PANEL_LIGHTS_ON" Value="0" ValueOperation="Set" />
              </EventActions>
            </EventDefinition>
            <EventDefinition Trigger="VALUEOFF">
              <EventConditions>
                <EventCondition ConditionComparator="Unequal" ConditionTargetValue="0" ConditionValueSource="SIMCONNECT:LIGHT PANEL" />
              </EventConditions>
              <EventActions>
                <EventActionControl TargetDataDefinition="SIMCONNECT:PANEL_LIGHTS_OFF" Value="0" ValueOperation="Set" />
              </EventActions>
            </EventDefinition>
          </EventDefinitions>
        </Event>
        <Event BoundTo="SWITCH_BEACON_LIGHTS">
          <EventDefinitions>
            <EventDefinition Trigger="VALUEON">
              <EventConditions>
                <EventCondition ConditionComparator="Unequal" ConditionTargetValue="1" ConditionValueSource="SIMCONNECT:LIGHT BEACON" />
              </EventConditions>
              <EventActions>
                <EventActionControl TargetDataDefinition="SIMCONNECT:TOGGLE_BEACON_LIGHTS" Value="0" ValueOperation="Set" />
              </EventActions>
            </EventDefinition>
            <EventDefinition Trigger="VALUEOFF">
              <EventConditions>
                <EventCondition ConditionComparator="Unequal" ConditionTargetValue="0" ConditionValueSource="SIMCONNECT:LIGHT BEACON" />
              </EventConditions>
              <EventActions>
                <EventActionControl TargetDataDefinition="SIMCONNECT:TOGGLE_BEACON_LIGHTS" Value="0" ValueOperation="Set" />
              </EventActions>
            </EventDefinition>
          </EventDefinitions>
        </Event>
        <Event BoundTo="SWITCH_NAV_LIGHTS">
          <EventDefinitions>
            <EventDefinition Trigger="VALUEON">
              <EventConditions>
                <EventCondition ConditionComparator="Unequal" ConditionTargetValue="1" ConditionValueSource="SIMCONNECT:LIGHT NAV" />
              </EventConditions>
              <EventActions>
                <EventActionControl TargetDataDefinition="SIMCONNECT:TOGGLE_NAV_LIGHTS" Value="0" ValueOperation="Set" />
              </EventActions>
            </EventDefinition>
            <EventDefinition Trigger="VALUEOFF">
              <EventConditions>
                <EventCondition ConditionComparator="Unequal" ConditionTargetValue="0" ConditionValueSource="SIMCONNECT:LIGHT NAV" />
              </EventConditions>
              <EventActions>
                <EventActionControl TargetDataDefinition="SIMCONNECT:TOGGLE_NAV_LIGHTS" Value="0" ValueOperation="Set" />
              </EventActions>
            </EventDefinition>
          </EventDefinitions>
        </Event>
        <Event BoundTo="SWITCH_STROBE_LIGHTS">
          <EventDefinitions>
            <EventDefinition Trigger="VALUEON">
              <EventConditions>
                <EventCondition ConditionComparator="Unequal" ConditionTargetValue="1" ConditionValueSource="SIMCONNECT:LIGHT STROBE" />
              </EventConditions>
              <EventActions>
                <EventActionControl TargetDataDefinition="SIMCONNECT:STROBES_ON" Value="0" ValueOperation="Set" />
              </EventActions>
            </EventDefinition>
            <EventDefinition Trigger="VALUEOFF">
              <EventConditions>
                <EventCondition ConditionComparator="Unequal" ConditionTargetValue="0" ConditionValueSource="SIMCONNECT:LIGHT STROBE" />
              </EventConditions>
              <EventActions>
                <EventActionControl TargetDataDefinition="SIMCONNECT:STROBES_OFF" Value="0" ValueOperation="Set" />
              </EventActions>
            </EventDefinition>
          </EventDefinitions>
        </Event>
        <Event BoundTo="SWITCH_TAXI_LIGHTS">
          <EventDefinitions>
            <EventDefinition Trigger="VALUEON">
              <EventConditions>
                <EventCondition ConditionComparator="Unequal" ConditionTargetValue="1" ConditionValueSource="SIMCONNECT:LIGHT TAXI" />
              </EventConditions>
              <EventActions>
                <EventActionControl TargetDataDefinition="SIMCONNECT:TOGGLE_TAXI_LIGHTS" Value="0" ValueOperation="Set" />
              </EventActions>
            </EventDefinition>
            <EventDefinition Trigger="VALUEOFF">
              <EventConditions>
                <EventCondition ConditionComparator="Unequal" ConditionTargetValue="0" ConditionValueSource="SIMCONNECT:LIGHT TAXI" />
              </EventConditions>
              <EventActions>
                <EventActionControl TargetDataDefinition="SIMCONNECT:TOGGLE_TAXI_LIGHTS" Value="0" ValueOperation="Set" />
              </EventActions>
            </EventDefinition>
          </EventDefinitions>
        </Event>
        <Event BoundTo="SWITCH_LANDING_LIGHTS">
          <EventDefinitions>
            <EventDefinition Trigger="VALUEON">
              <EventConditions>
                <EventCondition ConditionComparator="Unequal" ConditionTargetValue="1" ConditionValueSource="SIMCONNECT:LIGHT LANDING" />
              </EventConditions>
              <EventActions>
                <EventActionControl TargetDataDefinition="SIMCONNECT:LANDING_LIGHTS_ON" Value="0" ValueOperation="Set" />
              </EventActions>
            </EventDefinition>
            <EventDefinition Trigger="VALUEOFF">
              <EventConditions>
                <EventCondition ConditionComparator="Unequal" ConditionTargetValue="0" ConditionValueSource="SIMCONNECT:LIGHT LANDING" />
              </EventConditions>
              <EventActions>
                <EventActionControl TargetDataDefinition="SIMCONNECT:LANDING_LIGHTS_OFF" Value="0" ValueOperation="Set" />
              </EventActions>
            </EventDefinition>
          </EventDefinitions>
        </Event>
        <Event BoundTo="SWITCH_DEICE">
          <EventDefinitions>
            <EventDefinition Trigger="VALUEON">
              <EventConditions>
                <EventCondition ConditionComparator="Unequal" ConditionTargetValue="1" ConditionValueSource="SIMCONNECT:STRUCTURAL DEICE SWITCH" />
              </EventConditions>
              <EventActions>
                <EventActionControl TargetDataDefinition="SIMCONNECT:TOGGLE_STRUCTURAL_DEICE" Value="0" ValueOperation="Set" />
              </EventActions>
            </EventDefinition>
            <EventDefinition Trigger="VALUEOFF">
              <EventConditions>
                <EventCondition ConditionComparator="Unequal" ConditionTargetValue="0" ConditionValueSource="SIMCONNECT:STRUCTURAL DEICE SWITCH" />
              </EventConditions>
              <EventActions>
                <EventActionControl TargetDataDefinition="SIMCONNECT:TOGGLE_STRUCTURAL_DEICE" Value="0" ValueOperation="Set" />
              </EventActions>
            </EventDefinition>
          </EventDefinitions>
        </Event>
        <Event BoundTo="SWITCH_PITOT_HEAT">
          <EventDefinitions>
            <EventDefinition Trigger="VALUEON">
              <EventConditions>
                <EventCondition ConditionComparator="Unequal" ConditionTargetValue="1" ConditionValueSource="SIMCONNECT:PITOT HEAT" />
              </EventConditions>
              <EventActions>
                <EventActionControl TargetDataDefinition="SIMCONNECT:PITOT_HEAT_ON" Value="0" ValueOperation="Set" />
              </EventActions>
            </EventDefinition>
            <EventDefinition Trigger="VALUEOFF">
              <EventConditions>
                <EventCondition ConditionComparator="Unequal" ConditionTargetValue="0" ConditionValueSource="SIMCONNECT:PITOT HEAT" />
              </EventConditions>
              <EventActions>
                <EventActionControl TargetDataDefinition="SIMCONNECT:PITOT_HEAT_OFF" Value="0" ValueOperation="Set" />
              </EventActions>
            </EventDefinition>
          </EventDefinitions>
        </Event>
      </Events>
    </Device>
  </Devices>
  <Options>
    <Option Key="Elgato.Streamdeck.Brightness" Value="100" ValueType="System.Integer" />
    <Option Key="Elgato.Streamdeck.DarkenDevice" Value="True" ValueType="System.Boolean" />
    <Option Key="Elgato.Streamdeck.FlashBackgroundOnly" Value="True" ValueType="System.Boolean" />
    <Option Key="Saitek.BIP.EnableVirtualPower" Value="True" ValueType="System.Boolean" />
    <Option Key="Saitek.BIP.Brightness" Value="50" ValueType="System.Integer" />
    <Option Key="Saitek.BIP.Priority.VALUEOFF" Value="0" ValueType="System.Integer" />
    <Option Key="Saitek.BIP.Priority.VALUEGREEN" Value="1" ValueType="System.Integer" />
    <Option Key="Saitek.BIP.Priority.VALUEYELLOW" Value="2" ValueType="System.Integer" />
    <Option Key="Saitek.BIP.Priority.VALUERED" Value="4" ValueType="System.Integer" />
    <Option Key="Saitek.BIP.Priority.VALUEREDBLINK" Value="3" ValueType="System.Integer" />
    <Option Key="Saitek.FIP.BindLightToMode" Value="False" ValueType="System.Boolean" />
    <Option Key="Saitek.FIP.EnableVirtualPower" Value="True" ValueType="System.Boolean" />
    <Option Key="Saitek.FIP.DefaultPagingButtons" Value="True" ValueType="System.Boolean" />
    <Option Key="Saitek.FIP.PagingButtonsOn" Value="True" ValueType="System.Boolean" />
    <Option Key="Saitek.RadioPanel.EnableVirtualPower" Value="True" ValueType="System.Boolean" />
    <Option Key="Saitek.SwitchPanel.RaiseOnFirst" Value="False" ValueType="System.Boolean" />
    <Option Key="Saitek.SwitchPanel.SwapRL" Value="True" ValueType="System.Boolean" />
    <Option Key="Saitek.SwitchPanel.EnableVirtualPower" Value="True" ValueType="System.Boolean" />
    <Option Key="Saitek.TrimWheel.ReverseTrim" Value="True" ValueType="System.Boolean" />
    <Option Key="Ultimarc.PacDrive.EnableVirtualPower" Value="True" ValueType="System.Boolean" />
    <Option Key="Ultimarc.PacLed64.EnableVirtualPower" Value="True" ValueType="System.Boolean" />
    <Option Key="Ultimarc.PacLed64.Brightness" Value="128" ValueType="System.Integer" />
  </Options>
  <CustomClientEvents />
  <ProfileInformation ProfileID="122db0a9-71e3-4f5d-8ff6-fbeba20b6ba3" Version="0.2">
    <Description />
    <LastChanged>2022-05-13T23:21:30.3233462-04:00</LastChanged>
  </ProfileInformation>
</Profile>