<Profile xmlns:xsd="http://www.w3.org/2001/XMLSchema" xmlns:xsi="http://www.w3.org/2001/XMLSchema-instance" Version="2" xmlns="http://www.fsgs.com/SPAD">
  <Devices />
  <Options>
    <Option Key="Saitek.BIP.EnableVirtualPower" Value="True" />
    <Option Key="Saitek.BIP.Brightness" Value="50" />
    <Option Key="Saitek.FIP.EnableVirtualPower" Value="True" />
    <Option Key="Saitek.FIP.DefaultPagingButtons" Value="True" />
    <Option Key="Saitek.FIP.PagingButtonsOn" Value="True" />
    <Option Key="Saitek.RadioPanel.EnableVirtualPower" Value="True" />
    <Option Key="Saitek.SwitchPanel.RaiseOnFirst" Value="False" />
    <Option Key="Saitek.SwitchPanel.SwapRL" Value="True" />
    <Option Key="Saitek.SwitchPanel.EnableVirtualPower" Value="True" />
    <Option Key="Saitek.TrimWheel.ReverseTrim" Value="True" />
    <Option Key="Ultimarc.PacDrive.EnableVirtualPower" Value="True" />
    <Option Key="Ultimarc.PacLed64.EnableVirtualPower" Value="True" />
    <Option Key="Ultimarc.PacLed64.Brightness" Value="128" />
  </Options>
  <ProfileInformation ProfileID="cad0f02f-5ce5-4a36-aa81-dd84cca090ff" Version="0.1">
    <Description />
    <LastChanged>2024-11-30T10:05:17.3521202-05:00</LastChanged>
  </ProfileInformation>
</Profile>