<Profile xmlns:xsd="http://www.w3.org/2001/XMLSchema" xmlns:xsi="http://www.w3.org/2001/XMLSchema-instance" Version="2" xmlns="http://www.fsgs.com/SPAD">
  <Devices>
    <Device VendorID="0x06A3" ProductID="0x0D05" DevicePath="\\?\hid#vid_06a3&amp;pid_0d05#9&amp;668e07a&amp;0&amp;0000#{4d1e55b2-f16f-11cf-88cb-001111000030}" Serial="" DeviceIndex="0" Version="3">
      <DevicePage ID="72c73483-060e-4a22-94be-a6d0c6e32179" IsDefaultPage="true" Name="Default">
        <Events>
          <Event BoundTo="RADIOPANEL_UPPER_SELECTOR_COM2">
            <EventDefinitions>
              <EventDefinition Trigger="TUNER_INNER_CLOCKWISE">
                <EventActions>
                  <EventActionChangeValue TargetDataDefinition="SIMCONNECT:COM STANDBY FREQUENCY:2" Value="0.025" ValueOperation="Increment" />
                </EventActions>
              </EventDefinition>
              <EventDefinition Trigger="TUNER_INNER_COUNTERCLOCKWISE">
                <EventActions>
                  <EventActionChangeValue TargetDataDefinition="SIMCONNECT:COM STANDBY FREQUENCY:2" Value="0.025" ValueOperation="Decrement" />
                </EventActions>
              </EventDefinition>
              <EventDefinition Trigger="TUNER_OUTER_CLOCKWISE">
                <EventActions>
                  <EventActionChangeValue TargetDataDefinition="SIMCONNECT:COM STANDBY FREQUENCY:2" Value="1" ValueOperation="Increment" />
                </EventActions>
              </EventDefinition>
              <EventDefinition Trigger="TUNER_OUTER_COUNTERCLOCKWISE">
                <EventActions>
                  <EventActionChangeValue TargetDataDefinition="SIMCONNECT:COM STANDBY FREQUENCY:2" Value="1" ValueOperation="Decrement" />
                </EventActions>
              </EventDefinition>
              <EventDefinition Trigger="LEFTDISPLAY">
                <EventActions>
                  <EventActionDisplayValue TargetDataDefinition="SIMCONNECT:COM ACTIVE FREQUENCY:2" />
                </EventActions>
              </EventDefinition>
              <EventDefinition Trigger="RIGHTDISPLAY">
                <EventActions>
                  <EventActionDisplayValue TargetDataDefinition="SIMCONNECT:COM STANDBY FREQUENCY:2" />
                </EventActions>
              </EventDefinition>
              <EventDefinition Trigger="ACTIVATESHORT">
                <EventActions>
                  <EventActionControl TargetDataDefinition="SIMCONNECT:COM2_RADIO_SWAP" />
                </EventActions>
              </EventDefinition>
            </EventDefinitions>
            <Options>
              <Option Key="TUNER_INNER_SENSITIVITY" Value="100" />
              <Option Key="TUNER_OUTER_SENSITIVITY" Value="100" />
              <Option Key="TUNER_MULTIPLY_1" Value="1" />
              <Option Key="TUNER_MULTIPLY_2" Value="2" />
              <Option Key="TUNER_MULTIPLY_3" Value="3" />
            </Options>
          </Event>
          <Event BoundTo="RADIOPANEL_UPPER_SELECTOR_NAV2">
            <EventDefinitions>
              <EventDefinition Trigger="TUNER_INNER_CLOCKWISE">
                <EventActions>
                  <EventActionChangeValue TargetDataDefinition="SIMCONNECT:NAV STANDBY FREQUENCY:2" Value="0.05" ValueOperation="Increment" />
                </EventActions>
              </EventDefinition>
              <EventDefinition Trigger="TUNER_INNER_COUNTERCLOCKWISE">
                <EventActions>
                  <EventActionChangeValue TargetDataDefinition="SIMCONNECT:NAV STANDBY FREQUENCY:2" Value="0.05" ValueOperation="Decrement" />
                </EventActions>
              </EventDefinition>
              <EventDefinition Trigger="TUNER_OUTER_CLOCKWISE">
                <EventActions>
                  <EventActionChangeValue TargetDataDefinition="SIMCONNECT:NAV STANDBY FREQUENCY:2" Value="1" ValueOperation="Increment" />
                </EventActions>
              </EventDefinition>
              <EventDefinition Trigger="TUNER_OUTER_COUNTERCLOCKWISE">
                <EventActions>
                  <EventActionChangeValue TargetDataDefinition="SIMCONNECT:NAV STANDBY FREQUENCY:2" Value="1" ValueOperation="Decrement" />
                </EventActions>
              </EventDefinition>
              <EventDefinition Trigger="LEFTDISPLAY">
                <EventActions>
                  <EventActionDisplayValue TargetDataDefinition="SIMCONNECT:NAV ACTIVE FREQUENCY:2" />
                </EventActions>
              </EventDefinition>
              <EventDefinition Trigger="RIGHTDISPLAY">
                <EventActions>
                  <EventActionDisplayValue TargetDataDefinition="SIMCONNECT:NAV STANDBY FREQUENCY:2" />
                </EventActions>
              </EventDefinition>
              <EventDefinition Trigger="ACTIVATESHORT">
                <EventActions>
                  <EventActionControl TargetDataDefinition="SIMCONNECT:NAV2_RADIO_SWAP" />
                </EventActions>
              </EventDefinition>
              <EventDefinition Trigger="ACTIVATELONG">
                <EventActions>
                  <EventActionChangeValue TargetDataDefinition="SIMCONNECT:NAV SOUND:2" Value="1" />
                </EventActions>
              </EventDefinition>
            </EventDefinitions>
            <Options>
              <Option Key="TUNER_INNER_SENSITIVITY" Value="100" />
              <Option Key="TUNER_OUTER_SENSITIVITY" Value="100" />
              <Option Key="TUNER_MULTIPLY_1" Value="1" />
              <Option Key="TUNER_MULTIPLY_2" Value="2" />
              <Option Key="TUNER_MULTIPLY_3" Value="3" />
            </Options>
          </Event>
          <Event BoundTo="RADIOPANEL_UPPER_SELECTOR_NAV1">
            <EventDefinitions>
              <EventDefinition Trigger="TUNER_INNER_CLOCKWISE">
                <EventActions>
                  <EventActionChangeValue TargetDataDefinition="SIMCONNECT:NAV STANDBY FREQUENCY:1" Value="0.05" ValueOperation="Increment" />
                </EventActions>
              </EventDefinition>
              <EventDefinition Trigger="TUNER_INNER_COUNTERCLOCKWISE">
                <EventActions>
                  <EventActionChangeValue TargetDataDefinition="SIMCONNECT:NAV STANDBY FREQUENCY:1" Value="0.05" ValueOperation="Decrement" />
                </EventActions>
              </EventDefinition>
              <EventDefinition Trigger="TUNER_OUTER_CLOCKWISE">
                <EventActions>
                  <EventActionChangeValue TargetDataDefinition="SIMCONNECT:NAV STANDBY FREQUENCY:1" Value="1" ValueOperation="Increment" />
                </EventActions>
              </EventDefinition>
              <EventDefinition Trigger="TUNER_OUTER_COUNTERCLOCKWISE">
                <EventActions>
                  <EventActionChangeValue TargetDataDefinition="SIMCONNECT:NAV STANDBY FREQUENCY:1" Value="1" ValueOperation="Decrement" />
                </EventActions>
              </EventDefinition>
              <EventDefinition Trigger="LEFTDISPLAY">
                <EventActions>
                  <EventActionDisplayValue TargetDataDefinition="SIMCONNECT:NAV ACTIVE FREQUENCY:1" />
                </EventActions>
              </EventDefinition>
              <EventDefinition Trigger="RIGHTDISPLAY">
                <EventActions>
                  <EventActionDisplayValue TargetDataDefinition="SIMCONNECT:NAV STANDBY FREQUENCY:1" />
                </EventActions>
              </EventDefinition>
              <EventDefinition Trigger="ACTIVATESHORT">
                <EventActions>
                  <EventActionControl TargetDataDefinition="SIMCONNECT:NAV1_RADIO_SWAP" />
                </EventActions>
              </EventDefinition>
              <EventDefinition Trigger="ACTIVATELONG">
                <EventActions>
                  <EventActionChangeValue TargetDataDefinition="SIMCONNECT:NAV SOUND:1" Value="1" />
                </EventActions>
              </EventDefinition>
            </EventDefinitions>
            <Options>
              <Option Key="TUNER_INNER_SENSITIVITY" Value="100" />
              <Option Key="TUNER_OUTER_SENSITIVITY" Value="100" />
              <Option Key="TUNER_MULTIPLY_1" Value="1" />
              <Option Key="TUNER_MULTIPLY_2" Value="2" />
              <Option Key="TUNER_MULTIPLY_3" Value="3" />
            </Options>
          </Event>
          <Event BoundTo="RADIOPANEL_UPPER_SELECTOR_XPDR">
            <EventDefinitions>
              <EventDefinition Trigger="TUNER_INNER_CLOCKWISE">
                <EventActions>
                  <EventActionChangeValue TargetDataDefinition="SIMCONNECT:TRANSPONDER CODE:1" Value="1" ValueOperation="Increment" />
                </EventActions>
              </EventDefinition>
              <EventDefinition Trigger="TUNER_INNER_COUNTERCLOCKWISE">
                <EventActions>
                  <EventActionChangeValue TargetDataDefinition="SIMCONNECT:TRANSPONDER CODE:1" Value="1" ValueOperation="Decrement" />
                </EventActions>
              </EventDefinition>
              <EventDefinition Trigger="TUNER_OUTER_CLOCKWISE">
                <EventActions>
                  <EventActionChangeValue TargetDataDefinition="SIMCONNECT:KOHLSMAN SETTING MB" Value="1" ValueOperation="Increment" />
                </EventActions>
              </EventDefinition>
              <EventDefinition Trigger="TUNER_OUTER_COUNTERCLOCKWISE">
                <EventActions>
                  <EventActionChangeValue TargetDataDefinition="SIMCONNECT:KOHLSMAN SETTING MB" Value="1" ValueOperation="Decrement" />
                </EventActions>
              </EventDefinition>
              <EventDefinition Trigger="LEFTDISPLAY">
                <EventActions>
                  <EventActionDisplayValue TargetDataDefinition="SIMCONNECT:KOHLSMAN SETTING MB" />
                </EventActions>
              </EventDefinition>
              <EventDefinition Trigger="RIGHTDISPLAY">
                <EventActions>
                  <EventActionDisplayValue TargetDataDefinition="SIMCONNECT:TRANSPONDER CODE:1" />
                </EventActions>
              </EventDefinition>
              <EventDefinition Trigger="ACTIVATESHORT">
                <EventActions>
                  <EventActionCommand>
                    <Parameter Value="DIGITMARK" />
                  </EventActionCommand>
                </EventActions>
              </EventDefinition>
              <EventDefinition Trigger="ACTIVATELONG">
                <EventActions>
                  <EventActionControl TargetDataDefinition="SIMCONNECT:BAROMETRIC_STD_PRESSURE" />
                </EventActions>
              </EventDefinition>
            </EventDefinitions>
            <Options>
              <Option Key="TUNER_INNER_SENSITIVITY" Value="100" />
              <Option Key="TUNER_OUTER_SENSITIVITY" Value="100" />
              <Option Key="TUNER_MULTIPLY_1" Value="1" />
              <Option Key="TUNER_MULTIPLY_2" Value="2" />
              <Option Key="TUNER_MULTIPLY_3" Value="3" />
            </Options>
          </Event>
          <Event BoundTo="RADIOPANEL_LOWER_SELECTOR_COM1">
            <EventDefinitions>
              <EventDefinition Trigger="TUNER_INNER_CLOCKWISE">
                <EventActions>
                  <EventActionChangeValue TargetDataDefinition="SIMCONNECT:COM STANDBY FREQUENCY:1" Value="0.025" ValueOperation="Increment" />
                </EventActions>
              </EventDefinition>
              <EventDefinition Trigger="TUNER_INNER_COUNTERCLOCKWISE">
                <EventActions>
                  <EventActionChangeValue TargetDataDefinition="SIMCONNECT:COM STANDBY FREQUENCY:1" Value="0.025" ValueOperation="Decrement" />
                </EventActions>
              </EventDefinition>
              <EventDefinition Trigger="TUNER_OUTER_CLOCKWISE">
                <EventActions>
                  <EventActionChangeValue TargetDataDefinition="SIMCONNECT:COM STANDBY FREQUENCY:1" Value="1" ValueOperation="Increment" />
                </EventActions>
              </EventDefinition>
              <EventDefinition Trigger="TUNER_OUTER_COUNTERCLOCKWISE">
                <EventActions>
                  <EventActionChangeValue TargetDataDefinition="SIMCONNECT:COM STANDBY FREQUENCY:1" Value="1" ValueOperation="Decrement" />
                </EventActions>
              </EventDefinition>
              <EventDefinition Trigger="LEFTDISPLAY">
                <EventActions>
                  <EventActionDisplayValue TargetDataDefinition="SIMCONNECT:COM ACTIVE FREQUENCY:1" />
                </EventActions>
              </EventDefinition>
              <EventDefinition Trigger="RIGHTDISPLAY">
                <EventActions>
                  <EventActionDisplayValue TargetDataDefinition="SIMCONNECT:COM STANDBY FREQUENCY:1" />
                </EventActions>
              </EventDefinition>
              <EventDefinition Trigger="ACTIVATESHORT">
                <EventActions>
                  <EventActionControl TargetDataDefinition="SIMCONNECT:COM_STBY_RADIO_SWAP" />
                </EventActions>
              </EventDefinition>
            </EventDefinitions>
            <Options>
              <Option Key="TUNER_INNER_SENSITIVITY" Value="100" />
              <Option Key="TUNER_OUTER_SENSITIVITY" Value="100" />
              <Option Key="TUNER_MULTIPLY_1" Value="1" />
              <Option Key="TUNER_MULTIPLY_2" Value="2" />
              <Option Key="TUNER_MULTIPLY_3" Value="3" />
            </Options>
          </Event>
          <Event BoundTo="RADIOPANEL_LOWER_SELECTOR_COM2">
            <EventDefinitions>
              <EventDefinition Trigger="TUNER_INNER_CLOCKWISE">
                <EventActions>
                  <EventActionChangeValue TargetDataDefinition="SIMCONNECT:COM STANDBY FREQUENCY:2" Value="0.025" ValueOperation="Increment" />
                </EventActions>
              </EventDefinition>
              <EventDefinition Trigger="TUNER_INNER_COUNTERCLOCKWISE">
                <EventActions>
                  <EventActionChangeValue TargetDataDefinition="SIMCONNECT:COM STANDBY FREQUENCY:2" Value="0.025" ValueOperation="Decrement" />
                </EventActions>
              </EventDefinition>
              <EventDefinition Trigger="TUNER_OUTER_CLOCKWISE">
                <EventActions>
                  <EventActionChangeValue TargetDataDefinition="SIMCONNECT:COM STANDBY FREQUENCY:2" Value="1" ValueOperation="Increment" />
                </EventActions>
              </EventDefinition>
              <EventDefinition Trigger="TUNER_OUTER_COUNTERCLOCKWISE">
                <EventActions>
                  <EventActionChangeValue TargetDataDefinition="SIMCONNECT:COM STANDBY FREQUENCY:2" Value="1" ValueOperation="Decrement" />
                </EventActions>
              </EventDefinition>
              <EventDefinition Trigger="LEFTDISPLAY">
                <EventActions>
                  <EventActionDisplayValue TargetDataDefinition="SIMCONNECT:COM ACTIVE FREQUENCY:2" />
                </EventActions>
              </EventDefinition>
              <EventDefinition Trigger="RIGHTDISPLAY">
                <EventActions>
                  <EventActionDisplayValue TargetDataDefinition="SIMCONNECT:COM STANDBY FREQUENCY:2" />
                </EventActions>
              </EventDefinition>
              <EventDefinition Trigger="ACTIVATESHORT">
                <EventActions>
                  <EventActionControl TargetDataDefinition="SIMCONNECT:COM2_RADIO_SWAP" />
                </EventActions>
              </EventDefinition>
            </EventDefinitions>
            <Options>
              <Option Key="TUNER_INNER_SENSITIVITY" Value="100" />
              <Option Key="TUNER_OUTER_SENSITIVITY" Value="100" />
              <Option Key="TUNER_MULTIPLY_1" Value="1" />
              <Option Key="TUNER_MULTIPLY_2" Value="2" />
              <Option Key="TUNER_MULTIPLY_3" Value="3" />
            </Options>
          </Event>
          <Event BoundTo="RADIOPANEL_LOWER_SELECTOR_NAV2">
            <EventDefinitions>
              <EventDefinition Trigger="TUNER_INNER_CLOCKWISE">
                <EventActions>
                  <EventActionChangeValue TargetDataDefinition="SIMCONNECT:NAV STANDBY FREQUENCY:2" Value="0.05" ValueOperation="Increment" />
                </EventActions>
              </EventDefinition>
              <EventDefinition Trigger="TUNER_INNER_COUNTERCLOCKWISE">
                <EventActions>
                  <EventActionChangeValue TargetDataDefinition="SIMCONNECT:NAV STANDBY FREQUENCY:2" Value="0.05" ValueOperation="Decrement" />
                </EventActions>
              </EventDefinition>
              <EventDefinition Trigger="TUNER_OUTER_CLOCKWISE">
                <EventActions>
                  <EventActionChangeValue TargetDataDefinition="SIMCONNECT:NAV STANDBY FREQUENCY:2" Value="1" ValueOperation="Increment" />
                </EventActions>
              </EventDefinition>
              <EventDefinition Trigger="TUNER_OUTER_COUNTERCLOCKWISE">
                <EventActions>
                  <EventActionChangeValue TargetDataDefinition="SIMCONNECT:NAV STANDBY FREQUENCY:2" Value="1" ValueOperation="Decrement" />
                </EventActions>
              </EventDefinition>
              <EventDefinition Trigger="LEFTDISPLAY">
                <EventActions>
                  <EventActionDisplayValue TargetDataDefinition="SIMCONNECT:NAV ACTIVE FREQUENCY:2" />
                </EventActions>
              </EventDefinition>
              <EventDefinition Trigger="RIGHTDISPLAY">
                <EventActions>
                  <EventActionDisplayValue TargetDataDefinition="SIMCONNECT:NAV STANDBY FREQUENCY:2" />
                </EventActions>
              </EventDefinition>
              <EventDefinition Trigger="ACTIVATESHORT">
                <EventActions>
                  <EventActionControl TargetDataDefinition="SIMCONNECT:NAV2_RADIO_SWAP" />
                </EventActions>
              </EventDefinition>
              <EventDefinition Trigger="ACTIVATELONG">
                <EventActions>
                  <EventActionChangeValue TargetDataDefinition="SIMCONNECT:NAV SOUND:2" Value="1" />
                </EventActions>
              </EventDefinition>
            </EventDefinitions>
            <Options>
              <Option Key="TUNER_INNER_SENSITIVITY" Value="100" />
              <Option Key="TUNER_OUTER_SENSITIVITY" Value="100" />
              <Option Key="TUNER_MULTIPLY_1" Value="1" />
              <Option Key="TUNER_MULTIPLY_2" Value="2" />
              <Option Key="TUNER_MULTIPLY_3" Value="3" />
            </Options>
          </Event>
          <Event BoundTo="RADIOPANEL_LOWER_SELECTOR_NAV1">
            <EventDefinitions>
              <EventDefinition Trigger="TUNER_INNER_CLOCKWISE">
                <EventActions>
                  <EventActionChangeValue TargetDataDefinition="SIMCONNECT:NAV STANDBY FREQUENCY:1" Value="0.05" ValueOperation="Increment" />
                </EventActions>
              </EventDefinition>
              <EventDefinition Trigger="TUNER_INNER_COUNTERCLOCKWISE">
                <EventActions>
                  <EventActionChangeValue TargetDataDefinition="SIMCONNECT:NAV STANDBY FREQUENCY:1" Value="0.05" ValueOperation="Decrement" />
                </EventActions>
              </EventDefinition>
              <EventDefinition Trigger="TUNER_OUTER_CLOCKWISE">
                <EventActions>
                  <EventActionChangeValue TargetDataDefinition="SIMCONNECT:NAV STANDBY FREQUENCY:1" Value="1" ValueOperation="Increment" />
                </EventActions>
              </EventDefinition>
              <EventDefinition Trigger="TUNER_OUTER_COUNTERCLOCKWISE">
                <EventActions>
                  <EventActionChangeValue TargetDataDefinition="SIMCONNECT:NAV STANDBY FREQUENCY:1" Value="1" ValueOperation="Decrement" />
                </EventActions>
              </EventDefinition>
              <EventDefinition Trigger="LEFTDISPLAY">
                <EventActions>
                  <EventActionDisplayValue TargetDataDefinition="SIMCONNECT:NAV ACTIVE FREQUENCY:1" />
                </EventActions>
              </EventDefinition>
              <EventDefinition Trigger="RIGHTDISPLAY">
                <EventActions>
                  <EventActionDisplayValue TargetDataDefinition="SIMCONNECT:NAV STANDBY FREQUENCY:1" />
                </EventActions>
              </EventDefinition>
              <EventDefinition Trigger="ACTIVATESHORT">
                <EventActions>
                  <EventActionControl TargetDataDefinition="SIMCONNECT:NAV1_RADIO_SWAP" />
                </EventActions>
              </EventDefinition>
              <EventDefinition Trigger="ACTIVATELONG">
                <EventActions>
                  <EventActionChangeValue TargetDataDefinition="SIMCONNECT:NAV SOUND:1" Value="1" />
                </EventActions>
              </EventDefinition>
            </EventDefinitions>
            <Options>
              <Option Key="TUNER_INNER_SENSITIVITY" Value="100" />
              <Option Key="TUNER_OUTER_SENSITIVITY" Value="100" />
              <Option Key="TUNER_MULTIPLY_1" Value="1" />
              <Option Key="TUNER_MULTIPLY_2" Value="2" />
              <Option Key="TUNER_MULTIPLY_3" Value="3" />
            </Options>
          </Event>
          <Event BoundTo="RADIOPANEL_LOWER_SELECTOR_ADF">
            <EventDefinitions>
              <EventDefinition Trigger="TUNER_INNER_CLOCKWISE">
                <EventActions>
                  <EventActionChangeValue TargetDataDefinition="SIMCONNECT:ADF ACTIVE FREQUENCY:1" Value="0.1" ValueOperation="Increment" />
                </EventActions>
              </EventDefinition>
              <EventDefinition Trigger="TUNER_INNER_COUNTERCLOCKWISE">
                <EventActions>
                  <EventActionChangeValue TargetDataDefinition="SIMCONNECT:ADF ACTIVE FREQUENCY:1" Value="0.1" ValueOperation="Decrement" />
                </EventActions>
              </EventDefinition>
              <EventDefinition Trigger="TUNER_OUTER_CLOCKWISE">
                <EventActions>
                  <EventActionChangeValue TargetDataDefinition="SIMCONNECT:ADF ACTIVE FREQUENCY:1" Value="10" ValueOperation="Increment" />
                </EventActions>
              </EventDefinition>
              <EventDefinition Trigger="TUNER_OUTER_COUNTERCLOCKWISE">
                <EventActions>
                  <EventActionChangeValue TargetDataDefinition="SIMCONNECT:ADF ACTIVE FREQUENCY:1" Value="10" ValueOperation="Decrement" />
                </EventActions>
              </EventDefinition>
              <EventDefinition Trigger="LEFTDISPLAY">
                <EventActions>
                  <EventActionDisplayValue TargetDataDefinition="SIMCONNECT:ADF ACTIVE FREQUENCY:1" />
                </EventActions>
              </EventDefinition>
            </EventDefinitions>
            <Options>
              <Option Key="TUNER_INNER_SENSITIVITY" Value="100" />
              <Option Key="TUNER_OUTER_SENSITIVITY" Value="100" />
              <Option Key="TUNER_MULTIPLY_1" Value="1" />
              <Option Key="TUNER_MULTIPLY_2" Value="2" />
              <Option Key="TUNER_MULTIPLY_3" Value="3" />
            </Options>
          </Event>
          <Event BoundTo="RADIOPANEL_LOWER_SELECTOR_DME">
            <EventDefinitions>
              <EventDefinition Trigger="LEFTDISPLAY">
                <EventActions>
                  <EventActionDisplayValue TargetDataDefinition="SIMCONNECT:NAV DME:1" />
                </EventActions>
              </EventDefinition>
              <EventDefinition Trigger="RIGHTDISPLAY">
                <EventActions>
                  <EventActionDisplayValue TargetDataDefinition="SIMCONNECT:NAV DMESPEED:1" />
                </EventActions>
              </EventDefinition>
            </EventDefinitions>
            <Options>
              <Option Key="TUNER_INNER_SENSITIVITY" Value="100" />
              <Option Key="TUNER_OUTER_SENSITIVITY" Value="100" />
              <Option Key="TUNER_MULTIPLY_1" Value="1" />
              <Option Key="TUNER_MULTIPLY_2" Value="2" />
              <Option Key="TUNER_MULTIPLY_3" Value="3" />
            </Options>
          </Event>
          <Event BoundTo="RADIOPANEL_LOWER_SELECTOR_XPDR">
            <EventDefinitions>
              <EventDefinition Trigger="TUNER_INNER_CLOCKWISE">
                <EventActions>
                  <EventActionChangeValue TargetDataDefinition="SIMCONNECT:TRANSPONDER CODE:1" Value="1" ValueOperation="Increment" />
                </EventActions>
              </EventDefinition>
              <EventDefinition Trigger="TUNER_INNER_COUNTERCLOCKWISE">
                <EventActions>
                  <EventActionChangeValue TargetDataDefinition="SIMCONNECT:TRANSPONDER CODE:1" Value="1" ValueOperation="Decrement" />
                </EventActions>
              </EventDefinition>
              <EventDefinition Trigger="TUNER_OUTER_CLOCKWISE">
                <EventActions>
                  <EventActionChangeValue TargetDataDefinition="SIMCONNECT:KOHLSMAN SETTING MB" Value="1" ValueOperation="Increment" />
                </EventActions>
              </EventDefinition>
              <EventDefinition Trigger="TUNER_OUTER_COUNTERCLOCKWISE">
                <EventActions>
                  <EventActionChangeValue TargetDataDefinition="SIMCONNECT:KOHLSMAN SETTING MB" Value="1" ValueOperation="Decrement" />
                </EventActions>
              </EventDefinition>
              <EventDefinition Trigger="LEFTDISPLAY">
                <EventActions>
                  <EventActionDisplayValue TargetDataDefinition="SIMCONNECT:KOHLSMAN SETTING MB" />
                </EventActions>
              </EventDefinition>
              <EventDefinition Trigger="RIGHTDISPLAY">
                <EventActions>
                  <EventActionDisplayValue TargetDataDefinition="SIMCONNECT:TRANSPONDER CODE:1" />
                </EventActions>
              </EventDefinition>
              <EventDefinition Trigger="ACTIVATESHORT">
                <EventActions>
                  <EventActionCommand>
                    <Parameter Value="DIGITMARK" />
                  </EventActionCommand>
                </EventActions>
              </EventDefinition>
              <EventDefinition Trigger="ACTIVATELONG">
                <EventActions>
                  <EventActionControl TargetDataDefinition="SIMCONNECT:BAROMETRIC_STD_PRESSURE" />
                </EventActions>
              </EventDefinition>
            </EventDefinitions>
            <Options>
              <Option Key="TUNER_INNER_SENSITIVITY" Value="100" />
              <Option Key="TUNER_OUTER_SENSITIVITY" Value="100" />
              <Option Key="TUNER_MULTIPLY_1" Value="1" />
              <Option Key="TUNER_MULTIPLY_2" Value="2" />
              <Option Key="TUNER_MULTIPLY_3" Value="3" />
            </Options>
          </Event>
          <Event BoundTo="RADIOPANEL_UPPER_SELECTOR_ADF">
            <EventDefinitions>
              <EventDefinition Trigger="TUNER_INNER_CLOCKWISE">
                <EventActions>
                  <EventActionChangeValue TargetDataDefinition="SIMCONNECT:ADF ACTIVE FREQUENCY:1" Value="0.1" ValueOperation="Increment" />
                </EventActions>
              </EventDefinition>
              <EventDefinition Trigger="TUNER_INNER_COUNTERCLOCKWISE">
                <EventActions>
                  <EventActionChangeValue TargetDataDefinition="SIMCONNECT:ADF ACTIVE FREQUENCY:1" Value="0.1" ValueOperation="Decrement" />
                </EventActions>
              </EventDefinition>
              <EventDefinition Trigger="TUNER_OUTER_CLOCKWISE">
                <EventActions>
                  <EventActionChangeValue TargetDataDefinition="SIMCONNECT:ADF ACTIVE FREQUENCY:1" Value="10" ValueOperation="Increment" />
                </EventActions>
              </EventDefinition>
              <EventDefinition Trigger="TUNER_OUTER_COUNTERCLOCKWISE">
                <EventActions>
                  <EventActionChangeValue TargetDataDefinition="SIMCONNECT:ADF ACTIVE FREQUENCY:1" Value="10" ValueOperation="Decrement" />
                </EventActions>
              </EventDefinition>
              <EventDefinition Trigger="LEFTDISPLAY">
                <EventActions>
                  <EventActionDisplayValue TargetDataDefinition="SIMCONNECT:ADF ACTIVE FREQUENCY:1" DisplayFormat="000.0" />
                </EventActions>
              </EventDefinition>
            </EventDefinitions>
            <Options>
              <Option Key="TUNER_INNER_SENSITIVITY" Value="100" />
              <Option Key="TUNER_OUTER_SENSITIVITY" Value="100" />
              <Option Key="TUNER_MULTIPLY_1" Value="1" />
              <Option Key="TUNER_MULTIPLY_2" Value="2" />
              <Option Key="TUNER_MULTIPLY_3" Value="3" />
            </Options>
          </Event>
          <Event BoundTo="RADIOPANEL_UPPER_SELECTOR_DME">
            <EventDefinitions>
              <EventDefinition Trigger="LEFTDISPLAY">
                <EventActions>
                  <EventActionDisplayValue TargetDataDefinition="SIMCONNECT:NAV DME:1" DisplayFormat="0.0" />
                </EventActions>
              </EventDefinition>
              <EventDefinition Trigger="RIGHTDISPLAY">
                <EventActions>
                  <EventActionDisplayValue TargetDataDefinition="SIMCONNECT:NAV DMESPEED:1" DisplayFormat="0.0" />
                </EventActions>
              </EventDefinition>
            </EventDefinitions>
            <Options>
              <Option Key="TUNER_INNER_SENSITIVITY" Value="100" />
              <Option Key="TUNER_OUTER_SENSITIVITY" Value="100" />
              <Option Key="TUNER_MULTIPLY_1" Value="1" />
              <Option Key="TUNER_MULTIPLY_2" Value="2" />
              <Option Key="TUNER_MULTIPLY_3" Value="3" />
            </Options>
          </Event>
          <Event BoundTo="RADIOPANEL_UPPER_SELECTOR_COM1">
            <EventDefinitions>
              <EventDefinition Trigger="TUNER_INNER_CLOCKWISE">
                <EventActions>
                  <EventActionChangeValue TargetDataDefinition="SIMCONNECT:COM STANDBY FREQUENCY:1" Value="0.025" ValueOperation="Increment" />
                </EventActions>
              </EventDefinition>
              <EventDefinition Trigger="TUNER_INNER_COUNTERCLOCKWISE">
                <EventActions>
                  <EventActionChangeValue TargetDataDefinition="SIMCONNECT:COM STANDBY FREQUENCY:1" Value="0.025" ValueOperation="Decrement" />
                </EventActions>
              </EventDefinition>
              <EventDefinition Trigger="TUNER_OUTER_CLOCKWISE">
                <EventActions>
                  <EventActionChangeValue TargetDataDefinition="SIMCONNECT:COM STANDBY FREQUENCY:1" Value="1" ValueOperation="Increment" />
                </EventActions>
              </EventDefinition>
              <EventDefinition Trigger="TUNER_OUTER_COUNTERCLOCKWISE">
                <EventActions>
                  <EventActionChangeValue TargetDataDefinition="SIMCONNECT:COM STANDBY FREQUENCY:1" Value="1" ValueOperation="Decrement" />
                </EventActions>
              </EventDefinition>
              <EventDefinition Trigger="LEFTDISPLAY">
                <EventActions>
                  <EventActionDisplayValue TargetDataDefinition="SIMCONNECT:COM ACTIVE FREQUENCY:1" />
                </EventActions>
              </EventDefinition>
              <EventDefinition Trigger="RIGHTDISPLAY">
                <EventActions>
                  <EventActionDisplayValue TargetDataDefinition="SIMCONNECT:COM STANDBY FREQUENCY:1" />
                </EventActions>
              </EventDefinition>
              <EventDefinition Trigger="ACTIVATESHORT">
                <EventActions>
                  <EventActionControl TargetDataDefinition="SIMCONNECT:COM_STBY_RADIO_SWAP" />
                </EventActions>
              </EventDefinition>
            </EventDefinitions>
            <Options>
              <Option Key="TUNER_INNER_SENSITIVITY" Value="100" />
              <Option Key="TUNER_OUTER_SENSITIVITY" Value="100" />
              <Option Key="TUNER_MULTIPLY_1" Value="1" />
              <Option Key="TUNER_MULTIPLY_2" Value="2" />
              <Option Key="TUNER_MULTIPLY_3" Value="3" />
            </Options>
          </Event>
        </Events>
        <Extensions />
      </DevicePage>
      <Events>
        <Event BoundTo="CONFIGURE_PANEL_STATUS">
          <EventDefinitions>
            <EventDefinition Trigger="VALUE">
              <EventConditions>
                <EventCondition ConditionTargetValue="1" ConditionValueSource="SIMCONNECT:AVIONICS MASTER SWITCH" />
              </EventConditions>
              <EventActions>
                <EventActionCommand>
                  <Parameter Value="SPAD_neXt.Device_PowerON" />
                </EventActionCommand>
              </EventActions>
            </EventDefinition>
            <EventDefinition Trigger="VALUE">
              <EventConditions>
                <EventCondition ConditionTargetValue="0" ConditionValueSource="SIMCONNECT:AVIONICS MASTER SWITCH" />
              </EventConditions>
              <EventActions>
                <EventActionCommand>
                  <Parameter Value="SPAD_neXt.Device_PowerOFF" />
                </EventActionCommand>
              </EventActions>
            </EventDefinition>
          </EventDefinitions>
        </Event>
      </Events>
      <Extensions />
    </Device>
    <Device VendorID="0x06A3" ProductID="0x0D67" DevicePath="\\?\hid#vid_06a3&amp;pid_0d67#9&amp;34c68b03&amp;0&amp;0000#{4d1e55b2-f16f-11cf-88cb-001111000030}" Serial="" DeviceIndex="0" Version="3">
      <DevicePage ID="72c73483-060e-4a22-94be-a6d0c6e32179" IsDefaultPage="true" Name="Default">
        <Events>
          <Event BoundTo="GEAR_STATE_NOSE">
            <EventDefinitions>
              <EventDefinition Trigger="VALUE" IsFinal="true">
                <EventConditions>
                  <EventCondition ConditionTargetValue="0" ConditionValueSource="SIMCONNECT:GEAR CENTER POSITION" />
                </EventConditions>
                <EventActions>
                  <EventActionLEDColor Color="OFF" />
                </EventActions>
              </EventDefinition>
              <EventDefinition Trigger="VALUE" IsFinal="true">
                <EventConditions>
                  <EventCondition ConditionTargetValue="100" ConditionValueSource="SIMCONNECT:GEAR CENTER POSITION" />
                </EventConditions>
                <EventActions>
                  <EventActionLEDColor Color="GREEN" />
                </EventActions>
              </EventDefinition>
              <EventDefinition Trigger="VALUE">
                <EventConditions>
                  <EventCondition ConditionComparator="Less" ConditionTargetValue="100" ConditionValueSource="SIMCONNECT:GEAR CENTER POSITION" />
                </EventConditions>
                <EventActions>
                  <EventActionLEDColor Color="RED" />
                </EventActions>
              </EventDefinition>
            </EventDefinitions>
          </Event>
          <Event BoundTo="GEAR_STATE_RIGHT">
            <EventDefinitions>
              <EventDefinition Trigger="VALUE" IsFinal="true">
                <EventConditions>
                  <EventCondition ConditionTargetValue="0" ConditionValueSource="SIMCONNECT:GEAR RIGHT POSITION" />
                </EventConditions>
                <EventActions>
                  <EventActionLEDColor Color="OFF" />
                </EventActions>
              </EventDefinition>
              <EventDefinition Trigger="VALUE" IsFinal="true">
                <EventConditions>
                  <EventCondition ConditionTargetValue="100" ConditionValueSource="SIMCONNECT:GEAR RIGHT POSITION" />
                </EventConditions>
                <EventActions>
                  <EventActionLEDColor Color="GREEN" />
                </EventActions>
              </EventDefinition>
              <EventDefinition Trigger="VALUE">
                <EventConditions>
                  <EventCondition ConditionComparator="Less" ConditionTargetValue="100" ConditionValueSource="SIMCONNECT:GEAR RIGHT POSITION" />
                </EventConditions>
                <EventActions>
                  <EventActionLEDColor Color="RED" />
                </EventActions>
              </EventDefinition>
            </EventDefinitions>
          </Event>
          <Event BoundTo="GEAR_STATE_LEFT">
            <EventDefinitions>
              <EventDefinition Trigger="VALUE" IsFinal="true">
                <EventConditions>
                  <EventCondition ConditionTargetValue="0" ConditionValueSource="SIMCONNECT:GEAR LEFT POSITION" />
                </EventConditions>
                <EventActions>
                  <EventActionLEDColor Color="OFF" />
                </EventActions>
              </EventDefinition>
              <EventDefinition Trigger="VALUE" IsFinal="true">
                <EventConditions>
                  <EventCondition ConditionTargetValue="100" ConditionValueSource="SIMCONNECT:GEAR LEFT POSITION" />
                </EventConditions>
                <EventActions>
                  <EventActionLEDColor Color="GREEN" />
                </EventActions>
              </EventDefinition>
              <EventDefinition Trigger="VALUE">
                <EventConditions>
                  <EventCondition ConditionComparator="Less" ConditionTargetValue="100" ConditionValueSource="SIMCONNECT:GEAR LEFT POSITION" />
                </EventConditions>
                <EventActions>
                  <EventActionLEDColor Color="RED" />
                </EventActions>
              </EventDefinition>
            </EventDefinitions>
          </Event>
          <Event BoundTo="SWITCH_MASTER_BAT">
            <EventDefinitions>
              <EventDefinition Trigger="VALUEON">
                <EventConditions>
                  <EventCondition ConditionComparator="Unequal" ConditionTargetValue="1" ConditionValueSource="SIMCONNECT:ELECTRICAL MASTER BATTERY" />
                </EventConditions>
                <EventActions>
                  <EventActionChangeValue TargetDataDefinition="SIMCONNECT:ELECTRICAL MASTER BATTERY" Value="1" />
                </EventActions>
              </EventDefinition>
              <EventDefinition Trigger="VALUEOFF">
                <EventConditions>
                  <EventCondition ConditionComparator="Unequal" ConditionTargetValue="0" ConditionValueSource="SIMCONNECT:ELECTRICAL MASTER BATTERY" />
                </EventConditions>
                <EventActions>
                  <EventActionChangeValue TargetDataDefinition="SIMCONNECT:ELECTRICAL MASTER BATTERY" Value="0" />
                </EventActions>
              </EventDefinition>
            </EventDefinitions>
          </Event>
          <Event BoundTo="SWITCH_LANDING_LIGHTS">
            <EventDefinitions>
              <EventDefinition Trigger="VALUEON">
                <EventConditions>
                  <EventCondition ConditionComparator="Unequal" ConditionTargetValue="1" ConditionValueSource="SIMCONNECT:LIGHT LANDING" />
                </EventConditions>
                <EventActions>
                  <EventActionControl TargetDataDefinition="SIMCONNECT:LANDING_LIGHTS_ON" />
                </EventActions>
              </EventDefinition>
              <EventDefinition Trigger="VALUEOFF">
                <EventConditions>
                  <EventCondition ConditionComparator="Unequal" ConditionTargetValue="0" ConditionValueSource="SIMCONNECT:LIGHT LANDING" />
                </EventConditions>
                <EventActions>
                  <EventActionControl TargetDataDefinition="SIMCONNECT:LANDING_LIGHTS_OFF" />
                </EventActions>
              </EventDefinition>
            </EventDefinitions>
          </Event>
          <Event BoundTo="SWITCH_PITOT_HEAT">
            <EventDefinitions>
              <EventDefinition Trigger="VALUEON">
                <EventConditions>
                  <EventCondition ConditionComparator="Unequal" ConditionTargetValue="1" ConditionValueSource="SIMCONNECT:PITOT HEAT" />
                </EventConditions>
                <EventActions>
                  <EventActionControl TargetDataDefinition="SIMCONNECT:PITOT_HEAT_ON" />
                </EventActions>
              </EventDefinition>
              <EventDefinition Trigger="VALUEOFF">
                <EventConditions>
                  <EventCondition ConditionComparator="Unequal" ConditionTargetValue="0" ConditionValueSource="SIMCONNECT:PITOT HEAT" />
                </EventConditions>
                <EventActions>
                  <EventActionControl TargetDataDefinition="SIMCONNECT:PITOT_HEAT_OFF" />
                </EventActions>
              </EventDefinition>
            </EventDefinitions>
          </Event>
          <Event BoundTo="SWITCH_COWL">
            <EventDefinitions>
              <EventDefinition Trigger="VALUEON">
                <EventConditions>
                  <EventCondition ConditionComparator="Unequal" ConditionTargetValue="0" ConditionValueSource="SIMCONNECT:RECIP ENG COWL FLAP POSITION:1" />
                </EventConditions>
                <EventActions>
                  <EventActionChangeValue TargetDataDefinition="SIMCONNECT:RECIP ENG COWL FLAP POSITION:1" Value="0" />
                  <EventActionChangeValue TargetDataDefinition="SIMCONNECT:RECIP ENG COWL FLAP POSITION:2" Value="0" />
                </EventActions>
              </EventDefinition>
              <EventDefinition Trigger="VALUEOFF">
                <EventConditions>
                  <EventCondition ConditionTargetValue="0" ConditionValueSource="SIMCONNECT:RECIP ENG COWL FLAP POSITION:1" />
                </EventConditions>
                <EventActions>
                  <EventActionChangeValue TargetDataDefinition="SIMCONNECT:RECIP ENG COWL FLAP POSITION:1" Value="100" />
                  <EventActionChangeValue TargetDataDefinition="SIMCONNECT:RECIP ENG COWL FLAP POSITION:2" Value="100" />
                </EventActions>
              </EventDefinition>
            </EventDefinitions>
          </Event>
          <Event BoundTo="SWITCH_FUEL_PUMP">
            <EventDefinitions>
              <EventDefinition Trigger="VALUEON">
                <EventConditions>
                  <EventCondition ConditionComparator="Unequal" ConditionTargetValue="1" ConditionValueSource="SIMCONNECT:GENERAL ENG FUEL PUMP SWITCH:1" />
                </EventConditions>
                <EventActions>
                  <EventActionChangeValue TargetDataDefinition="LVAR:var_FUEL_Switch_Pump_1" Value="2" />
                  <EventActionChangeValue TargetDataDefinition="SIMCONNECT:GENERAL ENG FUEL PUMP SWITCH:1" Value="1" />
                </EventActions>
              </EventDefinition>
              <EventDefinition Trigger="VALUEOFF">
                <EventConditions>
                  <EventCondition ConditionComparator="Unequal" ConditionTargetValue="0" ConditionValueSource="SIMCONNECT:GENERAL ENG FUEL PUMP SWITCH:1" />
                </EventConditions>
                <EventActions>
                  <EventActionChangeValue TargetDataDefinition="LVAR:var_FUEL_Switch_Pump_1" Value="0" />
                  <EventActionChangeValue TargetDataDefinition="SIMCONNECT:GENERAL ENG FUEL PUMP SWITCH:1" Value="0" />
                </EventActions>
              </EventDefinition>
            </EventDefinitions>
          </Event>
          <Event BoundTo="SWITCH_ENGINE">
            <EventDefinitions>
              <EventDefinition Trigger="SEL_OFF_VALUEON">
                <EventActions>
                  <EventActionControl TargetDataDefinition="SIMCONNECT:MAGNETO1_OFF" />
                </EventActions>
              </EventDefinition>
              <EventDefinition Trigger="SEL_R_VALUEON">
                <EventActions>
                  <EventActionControl TargetDataDefinition="SIMCONNECT:MAGNETO1_RIGHT" />
                </EventActions>
              </EventDefinition>
              <EventDefinition Trigger="SEL_L_VALUEON">
                <EventActions>
                  <EventActionControl TargetDataDefinition="SIMCONNECT:MAGNETO1_LEFT" />
                </EventActions>
              </EventDefinition>
              <EventDefinition Trigger="SEL_ALL_VALUEON">
                <EventActions>
                  <EventActionControl TargetDataDefinition="SIMCONNECT:MAGNETO1_BOTH" />
                </EventActions>
              </EventDefinition>
              <EventDefinition Trigger="SEL_START_VALUEON">
                <EventActions>
                  <EventActionControl TargetDataDefinition="SIMCONNECT:MAGNETO1_START" />
                </EventActions>
              </EventDefinition>
            </EventDefinitions>
          </Event>
          <Event BoundTo="SWITCH_BEACON_LIGHTS">
            <EventDefinitions>
              <EventDefinition Trigger="VALUEON">
                <EventActions>
                  <EventActionChangeValue TargetDataDefinition="B:LIGHTING_BEACON_1" Value="1" />
                </EventActions>
              </EventDefinition>
              <EventDefinition Trigger="VALUEOFF">
                <EventActions>
                  <EventActionChangeValue TargetDataDefinition="B:LIGHTING_BEACON_1" Value="0" />
                </EventActions>
              </EventDefinition>
            </EventDefinitions>
          </Event>
          <Event BoundTo="SWITCH_NAV_LIGHTS">
            <EventDefinitions>
              <EventDefinition Trigger="VALUEON">
                <EventActions>
                  <EventActionChangeValue TargetDataDefinition="B:LIGHTING_NAV_1" Value="1" />
                </EventActions>
              </EventDefinition>
              <EventDefinition Trigger="VALUEOFF">
                <EventActions>
                  <EventActionChangeValue TargetDataDefinition="B:LIGHTING_NAV_1" Value="0" />
                </EventActions>
              </EventDefinition>
            </EventDefinitions>
          </Event>
          <Event BoundTo="SWITCH_STROBE_LIGHTS">
            <EventDefinitions>
              <EventDefinition Trigger="VALUEON">
                <EventActions>
                  <EventActionChangeValue TargetDataDefinition="B:LIGHTING_STROBE_1" Value="1" />
                </EventActions>
              </EventDefinition>
              <EventDefinition Trigger="VALUEOFF">
                <EventActions>
                  <EventActionChangeValue TargetDataDefinition="B:LIGHTING_STROBE_1" Value="0" />
                </EventActions>
              </EventDefinition>
            </EventDefinitions>
          </Event>
          <Event BoundTo="SWITCH_TAXI_LIGHTS">
            <EventDefinitions>
              <EventDefinition Trigger="VALUEON">
                <EventActions>
                  <EventActionChangeValue TargetDataDefinition="B:LIGHTING_TAXI_1" Value="1" />
                </EventActions>
              </EventDefinition>
              <EventDefinition Trigger="VALUEOFF">
                <EventActions>
                  <EventActionChangeValue TargetDataDefinition="B:LIGHTING_TAXI_1" Value="0" />
                </EventActions>
              </EventDefinition>
            </EventDefinitions>
          </Event>
          <Event BoundTo="SWITCH_PANEL_LIGHTS">
            <EventDefinitions>
              <EventDefinition Trigger="VALUEON">
                <EventActions>
                  <EventActionChangeValue TargetDataDefinition="B:LIGHTING_GLARESHIELD_1" Value="1" />
                  <EventActionChangeValue TargetDataDefinition="B:LIGHTING_GLARESHIELD_1_POWER_SETTING" Value="5" />
                </EventActions>
              </EventDefinition>
              <EventDefinition Trigger="VALUEOFF">
                <EventActions>
                  <EventActionChangeValue TargetDataDefinition="B:LIGHTING_GLARESHIELD_1" Value="0" />
                </EventActions>
              </EventDefinition>
            </EventDefinitions>
          </Event>
          <Event BoundTo="SWITCH_GEAR">
            <EventDefinitions>
              <EventDefinition Trigger="GEAR_UP">
                <EventActions>
                  <EventActionControl TargetDataDefinition="SIMCONNECT:GEAR_UP" />
                </EventActions>
              </EventDefinition>
              <EventDefinition Trigger="GEAR_DOWN">
                <EventActions>
                  <EventActionControl TargetDataDefinition="SIMCONNECT:GEAR_DOWN" />
                </EventActions>
              </EventDefinition>
            </EventDefinitions>
          </Event>
          <Event BoundTo="SWITCH_AVIONICS_MASTER">
            <EventDefinitions>
              <EventDefinition Trigger="VALUEON">
                <EventActions>
                  <EventActionControl TargetDataDefinition="B:ELECTRICAL_AVIONICS_BUS_1_Set">
                    <Parameter Value="1" />
                  </EventActionControl>
                  <EventActionControl TargetDataDefinition="B:ELECTRICAL_AVIONICS_BUS_2_Set">
                    <Parameter Value="1" />
                  </EventActionControl>
                </EventActions>
              </EventDefinition>
              <EventDefinition Trigger="VALUEOFF">
                <EventActions>
                  <EventActionControl TargetDataDefinition="B:ELECTRICAL_AVIONICS_BUS_1_Set" />
                  <EventActionControl TargetDataDefinition="B:ELECTRICAL_AVIONICS_BUS_2_Set" />
                </EventActions>
              </EventDefinition>
            </EventDefinitions>
          </Event>
          <Event BoundTo="SWITCH_MASTER_ALT">
            <EventDefinitions>
              <EventDefinition Trigger="VALUEON">
                <EventActions>
                  <EventActionControl TargetDataDefinition="B:ELECTRICAL_ALTERNATOR_1_Set" />
                  <EventActionControl TargetDataDefinition="B:ELECTRICAL_ALTERNATOR_2_Set" />
                </EventActions>
              </EventDefinition>
              <EventDefinition Trigger="VALUEOFF">
                <EventActions>
                  <EventActionControl TargetDataDefinition="B:ELECTRICAL_ALTERNATOR_1_Set">
                    <Parameter Value="1" />
                  </EventActionControl>
                  <EventActionControl TargetDataDefinition="B:ELECTRICAL_ALTERNATOR_2_Set">
                    <Parameter Value="1" />
                  </EventActionControl>
                </EventActions>
              </EventDefinition>
            </EventDefinitions>
          </Event>
          <Event BoundTo="SWITCH_DEICE">
            <EventDefinitions>
              <EventDefinition Trigger="VALUEON">
                <EventActions>
                  <EventActionChangeValue TargetDataDefinition="SIMCONNECT:PROP DEICE SWITCH:1" Value="1" />
                  <EventActionChangeValue TargetDataDefinition="B:DEICE_PROPELLER_1" Value="1" />
                  <EventActionChangeValue TargetDataDefinition="SIMCONNECT:STRUCTURAL DEICE SWITCH" Value="1" />
                  <EventActionControl TargetDataDefinition="B:DEICE_PITOT_1_Set">
                    <Parameter Value="1" />
                  </EventActionControl>
                  <EventActionControl TargetDataDefinition="B:DEICE_WINDSHIELD_1_Set" />
                  <EventActionControl TargetDataDefinition="B:DEICE_WINDSHIELD_2_Set" />
                </EventActions>
              </EventDefinition>
              <EventDefinition Trigger="VALUEOFF">
                <EventActions>
                  <EventActionChangeValue TargetDataDefinition="SIMCONNECT:PROP DEICE SWITCH:1" Value="0" />
                  <EventActionChangeValue TargetDataDefinition="B:DEICE_PROPELLER_1" Value="0" />
                  <EventActionChangeValue TargetDataDefinition="SIMCONNECT:STRUCTURAL DEICE SWITCH" Value="0" />
                  <EventActionControl TargetDataDefinition="B:DEICE_PITOT_1_Set" />
                  <EventActionControl TargetDataDefinition="B:DEICE_WINDSHIELD_1_Set">
                    <Parameter Value="2" />
                  </EventActionControl>
                  <EventActionControl TargetDataDefinition="B:DEICE_WINDSHIELD_2_Set">
                    <Parameter Value="2" />
                  </EventActionControl>
                </EventActions>
              </EventDefinition>
            </EventDefinitions>
          </Event>
        </Events>
        <Extensions />
      </DevicePage>
      <Events>
        <Event BoundTo="CONFIGURE_PANEL_STATUS">
          <EventDefinitions>
            <EventDefinition Trigger="VALUE">
              <EventConditions>
                <EventCondition ConditionTargetValue="1" ConditionValueSource="SIMCONNECT:ELECTRICAL MASTER BATTERY" />
              </EventConditions>
              <EventActions>
                <EventActionCommand>
                  <Parameter Value="SPAD_neXt.Device_PowerON" />
                </EventActionCommand>
              </EventActions>
            </EventDefinition>
            <EventDefinition Trigger="VALUE">
              <EventConditions>
                <EventCondition ConditionTargetValue="0" ConditionValueSource="SIMCONNECT:ELECTRICAL MASTER BATTERY" />
              </EventConditions>
              <EventActions>
                <EventActionCommand>
                  <Parameter Value="SPAD_neXt.Device_PowerOFF" />
                </EventActionCommand>
              </EventActions>
            </EventDefinition>
          </EventDefinitions>
        </Event>
      </Events>
      <Extensions />
    </Device>
    <Device VendorID="0x06A3" ProductID="0x0D06" DevicePath="\\?\hid#vid_06a3&amp;pid_0d06#9&amp;2cac94ec&amp;0&amp;0000#{4d1e55b2-f16f-11cf-88cb-001111000030}" Serial="" DeviceIndex="0" Version="3">
      <DevicePage ID="72c73483-060e-4a22-94be-a6d0c6e32179" IsDefaultPage="true" Name="Default">
        <Events>
          <Event BoundTo="MULTIPANEL_BUTTON_HDG">
            <EventDefinitions>
              <EventDefinition Trigger="PRESSSHORT">
                <EventActions>
                  <EventActionChangeValue TargetDataDefinition="SIMCONNECT:AUTOPILOT HEADING LOCK" Value="1" />
                </EventActions>
              </EventDefinition>
              <EventDefinition Trigger="BUTTONLIGHT" IsFinal="true">
                <EventConditions>
                  <EventCondition ConditionTargetValue="0" ConditionValueSource="SIMCONNECT:AUTOPILOT HEADING LOCK" />
                </EventConditions>
                <EventActions>
                  <EventActionLED />
                </EventActions>
              </EventDefinition>
              <EventDefinition Trigger="BUTTONLIGHT" IsFinal="true">
                <EventConditions>
                  <EventCondition ConditionTargetValue="1" ConditionValueSource="SIMCONNECT:AUTOPILOT HEADING LOCK" />
                </EventConditions>
                <EventActions>
                  <EventActionLED>
                    <Parameter Value="1" />
                  </EventActionLED>
                </EventActions>
              </EventDefinition>
              <EventDefinition Trigger="VALUEOFFSHORT">
                <EventActions>
                  <EventActionChangeValue TargetDataDefinition="SIMCONNECT:AUTOPILOT HEADING LOCK" Value="0" />
                </EventActions>
              </EventDefinition>
            </EventDefinitions>
          </Event>
          <Event BoundTo="MULTIPANEL_BUTTON_NAV">
            <EventDefinitions>
              <EventDefinition Trigger="PRESSSHORT">
                <EventActions>
                  <EventActionChangeValue TargetDataDefinition="SIMCONNECT:AUTOPILOT NAV1 LOCK" Value="1" />
                </EventActions>
              </EventDefinition>
              <EventDefinition Trigger="BUTTONLIGHT" IsFinal="true">
                <EventConditions>
                  <EventCondition ConditionTargetValue="0" ConditionValueSource="SIMCONNECT:AUTOPILOT NAV1 LOCK" />
                </EventConditions>
                <EventActions>
                  <EventActionLED />
                </EventActions>
              </EventDefinition>
              <EventDefinition Trigger="BUTTONLIGHT" IsFinal="true">
                <EventConditions>
                  <EventCondition ConditionTargetValue="1" ConditionValueSource="SIMCONNECT:AUTOPILOT NAV1 LOCK" />
                </EventConditions>
                <EventActions>
                  <EventActionLED>
                    <Parameter Value="1" />
                  </EventActionLED>
                </EventActions>
              </EventDefinition>
              <EventDefinition Trigger="VALUEOFFSHORT">
                <EventActions>
                  <EventActionChangeValue TargetDataDefinition="SIMCONNECT:AUTOPILOT NAV1 LOCK" Value="0" />
                </EventActions>
              </EventDefinition>
            </EventDefinitions>
          </Event>
          <Event BoundTo="MULTIPANEL_BUTTON_IAS">
            <EventDefinitions>
              <EventDefinition Trigger="PRESSSHORT">
                <EventActions>
                  <EventActionChangeValue TargetDataDefinition="SIMCONNECT:AUTOPILOT AIRSPEED HOLD" Value="1" />
                </EventActions>
              </EventDefinition>
              <EventDefinition Trigger="BUTTONLIGHT" IsFinal="true">
                <EventConditions>
                  <EventCondition ConditionTargetValue="0" ConditionValueSource="SIMCONNECT:AUTOPILOT AIRSPEED HOLD" />
                </EventConditions>
                <EventActions>
                  <EventActionLED />
                </EventActions>
              </EventDefinition>
              <EventDefinition Trigger="BUTTONLIGHT" IsFinal="true">
                <EventConditions>
                  <EventCondition ConditionTargetValue="0" ConditionValueSource="SIMCONNECT:AUTOPILOT MACH HOLD" />
                </EventConditions>
                <EventActions>
                  <EventActionLED />
                </EventActions>
              </EventDefinition>
              <EventDefinition Trigger="BUTTONLIGHT" IsFinal="true">
                <EventConditions>
                  <EventCondition ConditionTargetValue="1" ConditionValueSource="SIMCONNECT:AUTOPILOT AIRSPEED HOLD" />
                </EventConditions>
                <EventActions>
                  <EventActionLED>
                    <Parameter Value="1" />
                  </EventActionLED>
                </EventActions>
              </EventDefinition>
              <EventDefinition Trigger="BUTTONLIGHT" IsFinal="true">
                <EventConditions>
                  <EventCondition ConditionTargetValue="1" ConditionValueSource="SIMCONNECT:AUTOPILOT MACH HOLD" />
                </EventConditions>
                <EventActions>
                  <EventActionLED>
                    <Parameter Value="1" />
                    <Parameter1 Value="1" />
                  </EventActionLED>
                </EventActions>
              </EventDefinition>
              <EventDefinition Trigger="VALUEOFFSHORT">
                <EventActions>
                  <EventActionChangeValue TargetDataDefinition="SIMCONNECT:AUTOPILOT AIRSPEED HOLD" Value="0" />
                </EventActions>
              </EventDefinition>
              <EventDefinition Trigger="VALUEOFFLONG">
                <EventActions>
                  <EventActionChangeValue TargetDataDefinition="SIMCONNECT:AUTOPILOT MACH HOLD" Value="0" />
                </EventActions>
              </EventDefinition>
              <EventDefinition Trigger="PRESSLONG">
                <EventActions>
                  <EventActionChangeValue TargetDataDefinition="SIMCONNECT:AUTOPILOT MACH HOLD" Value="1" />
                </EventActions>
              </EventDefinition>
            </EventDefinitions>
          </Event>
          <Event BoundTo="MULTIPANEL_BUTTON_VS">
            <EventDefinitions>
              <EventDefinition Trigger="PRESSSHORT">
                <EventActions>
                  <EventActionChangeValue TargetDataDefinition="SIMCONNECT:AUTOPILOT VERTICAL HOLD" Value="1" />
                </EventActions>
              </EventDefinition>
              <EventDefinition Trigger="BUTTONLIGHT" IsFinal="true">
                <EventConditions>
                  <EventCondition ConditionTargetValue="0" ConditionValueSource="SIMCONNECT:AUTOPILOT VERTICAL HOLD" />
                </EventConditions>
                <EventActions>
                  <EventActionLED />
                </EventActions>
              </EventDefinition>
              <EventDefinition Trigger="BUTTONLIGHT" IsFinal="true">
                <EventConditions>
                  <EventCondition ConditionTargetValue="1" ConditionValueSource="SIMCONNECT:AUTOPILOT VERTICAL HOLD" />
                </EventConditions>
                <EventActions>
                  <EventActionLED>
                    <Parameter Value="1" />
                  </EventActionLED>
                </EventActions>
              </EventDefinition>
              <EventDefinition Trigger="VALUEOFFSHORT">
                <EventActions>
                  <EventActionChangeValue TargetDataDefinition="SIMCONNECT:AUTOPILOT VERTICAL HOLD" Value="0" />
                </EventActions>
              </EventDefinition>
            </EventDefinitions>
          </Event>
          <Event BoundTo="MULTIPANEL_BUTTON_APR">
            <EventDefinitions>
              <EventDefinition Trigger="PRESSSHORT">
                <EventActions>
                  <EventActionChangeValue TargetDataDefinition="SIMCONNECT:AUTOPILOT APPROACH HOLD" Value="1" />
                </EventActions>
              </EventDefinition>
              <EventDefinition Trigger="BUTTONLIGHT" IsFinal="true">
                <EventConditions>
                  <EventCondition ConditionTargetValue="0" ConditionValueSource="SIMCONNECT:AUTOPILOT APPROACH HOLD" />
                </EventConditions>
                <EventActions>
                  <EventActionLED />
                </EventActions>
              </EventDefinition>
              <EventDefinition Trigger="BUTTONLIGHT" IsFinal="true">
                <EventConditions>
                  <EventCondition ConditionTargetValue="1" ConditionValueSource="SIMCONNECT:AUTOPILOT APPROACH HOLD" />
                </EventConditions>
                <EventActions>
                  <EventActionLED>
                    <Parameter Value="1" />
                  </EventActionLED>
                </EventActions>
              </EventDefinition>
              <EventDefinition Trigger="VALUEOFFSHORT">
                <EventActions>
                  <EventActionChangeValue TargetDataDefinition="SIMCONNECT:AUTOPILOT APPROACH HOLD" Value="0" />
                </EventActions>
              </EventDefinition>
            </EventDefinitions>
          </Event>
          <Event BoundTo="MULTIPANEL_BUTTON_REV">
            <EventDefinitions>
              <EventDefinition Trigger="PRESSSHORT">
                <EventActions>
                  <EventActionChangeValue TargetDataDefinition="SIMCONNECT:AUTOPILOT BACKCOURSE HOLD" Value="1" />
                </EventActions>
              </EventDefinition>
              <EventDefinition Trigger="BUTTONLIGHT" IsFinal="true">
                <EventConditions>
                  <EventCondition ConditionTargetValue="0" ConditionValueSource="SIMCONNECT:AUTOPILOT BACKCOURSE HOLD" />
                </EventConditions>
                <EventActions>
                  <EventActionLED />
                </EventActions>
              </EventDefinition>
              <EventDefinition Trigger="BUTTONLIGHT" IsFinal="true">
                <EventConditions>
                  <EventCondition ConditionTargetValue="1" ConditionValueSource="SIMCONNECT:AUTOPILOT BACKCOURSE HOLD" />
                </EventConditions>
                <EventActions>
                  <EventActionLED>
                    <Parameter Value="1" />
                  </EventActionLED>
                </EventActions>
              </EventDefinition>
              <EventDefinition Trigger="VALUEOFFSHORT">
                <EventActions>
                  <EventActionChangeValue TargetDataDefinition="SIMCONNECT:AUTOPILOT BACKCOURSE HOLD" Value="0" />
                </EventActions>
              </EventDefinition>
            </EventDefinitions>
          </Event>
          <Event BoundTo="MULTIPANEL_SELECTOR_ALT">
            <EventDefinitions>
              <EventDefinition Trigger="VALUEON">
                <EventActions>
                  <EventActionDisplayValue TargetDataDefinition="SIMCONNECT:AUTOPILOT ALTITUDE LOCK VAR" />
                </EventActions>
              </EventDefinition>
              <EventDefinition Trigger="TUNER_CLOCKWISE">
                <EventActions>
                  <EventActionChangeValue TargetDataDefinition="SIMCONNECT:AUTOPILOT ALTITUDE LOCK VAR" Value="100" ValueOperation="Increment">
                    <Options>
                      <Option Key="HASMINMAX" Value="True" />
                      <Option Key="VALUEMIN" Value="0" />
                      <Option Key="VALUEMAX" Value="99999" />
                      <Option Key="ROLLOVER" Value="False" />
                    </Options>
                  </EventActionChangeValue>
                </EventActions>
              </EventDefinition>
              <EventDefinition Trigger="TUNER_COUNTERCLOCKWISE">
                <EventActions>
                  <EventActionChangeValue TargetDataDefinition="SIMCONNECT:AUTOPILOT ALTITUDE LOCK VAR" Value="100" ValueOperation="Decrement">
                    <Options>
                      <Option Key="HASMINMAX" Value="True" />
                      <Option Key="VALUEMIN" Value="0" />
                      <Option Key="VALUEMAX" Value="99999" />
                      <Option Key="ROLLOVER" Value="False" />
                    </Options>
                  </EventActionChangeValue>
                </EventActions>
              </EventDefinition>
            </EventDefinitions>
            <Options>
              <Option Key="VALUEMIN" Value="0" />
              <Option Key="VALUEMAX" Value="99999" />
            </Options>
          </Event>
          <Event BoundTo="MULTIPANEL_SELECTOR_VS">
            <EventDefinitions>
              <EventDefinition Trigger="VALUEON">
                <EventActions>
                  <EventActionDisplayValue TargetDataDefinition="SIMCONNECT:AUTOPILOT VERTICAL HOLD VAR" />
                </EventActions>
              </EventDefinition>
              <EventDefinition Trigger="TUNER_CLOCKWISE">
                <EventActions>
                  <EventActionChangeValue TargetDataDefinition="SIMCONNECT:AUTOPILOT VERTICAL HOLD VAR" Value="100" ValueOperation="Increment">
                    <Options>
                      <Option Key="HASMINMAX" Value="True" />
                      <Option Key="VALUEMIN" Value="-9999" />
                      <Option Key="VALUEMAX" Value="9999" />
                      <Option Key="ROLLOVER" Value="False" />
                    </Options>
                  </EventActionChangeValue>
                </EventActions>
              </EventDefinition>
              <EventDefinition Trigger="TUNER_COUNTERCLOCKWISE">
                <EventActions>
                  <EventActionChangeValue TargetDataDefinition="SIMCONNECT:AUTOPILOT VERTICAL HOLD VAR" Value="100" ValueOperation="Decrement">
                    <Options>
                      <Option Key="HASMINMAX" Value="True" />
                      <Option Key="VALUEMIN" Value="-9999" />
                      <Option Key="VALUEMAX" Value="9999" />
                      <Option Key="ROLLOVER" Value="False" />
                    </Options>
                  </EventActionChangeValue>
                </EventActions>
              </EventDefinition>
            </EventDefinitions>
            <Options>
              <Option Key="VALUEMIN" Value="-9999" />
              <Option Key="VALUEMAX" Value="9999" />
            </Options>
          </Event>
          <Event BoundTo="MULTIPANEL_SELECTOR_IAS">
            <EventDefinitions>
              <EventDefinition Trigger="VALUEON">
                <EventActions>
                  <EventActionDisplayValue TargetDataDefinition="SIMCONNECT:AUTOPILOT AIRSPEED HOLD VAR" />
                </EventActions>
              </EventDefinition>
              <EventDefinition Trigger="TUNER_CLOCKWISE">
                <EventActions>
                  <EventActionChangeValue TargetDataDefinition="SIMCONNECT:AUTOPILOT AIRSPEED HOLD VAR" Value="1" ValueOperation="Increment">
                    <Options>
                      <Option Key="HASMINMAX" Value="True" />
                      <Option Key="VALUEMIN" Value="0" />
                      <Option Key="VALUEMAX" Value="360" />
                      <Option Key="ROLLOVER" Value="False" />
                    </Options>
                  </EventActionChangeValue>
                </EventActions>
              </EventDefinition>
              <EventDefinition Trigger="TUNER_COUNTERCLOCKWISE">
                <EventActions>
                  <EventActionChangeValue TargetDataDefinition="SIMCONNECT:AUTOPILOT AIRSPEED HOLD VAR" Value="1" ValueOperation="Decrement">
                    <Options>
                      <Option Key="HASMINMAX" Value="True" />
                      <Option Key="VALUEMIN" Value="0" />
                      <Option Key="VALUEMAX" Value="360" />
                      <Option Key="ROLLOVER" Value="False" />
                    </Options>
                  </EventActionChangeValue>
                </EventActions>
              </EventDefinition>
            </EventDefinitions>
            <Options>
              <Option Key="VALUEMIN" Value="0" />
              <Option Key="VALUEMAX" Value="360" />
            </Options>
          </Event>
          <Event BoundTo="MULTIPANEL_SELECTOR_HDG">
            <EventDefinitions>
              <EventDefinition Trigger="VALUEON">
                <EventActions>
                  <EventActionDisplayValue TargetDataDefinition="SIMCONNECT:AUTOPILOT HEADING LOCK DIR" />
                </EventActions>
              </EventDefinition>
              <EventDefinition Trigger="TUNER_CLOCKWISE">
                <EventActions>
                  <EventActionChangeValue TargetDataDefinition="SIMCONNECT:AUTOPILOT HEADING LOCK DIR" Value="1" ValueOperation="Increment">
                    <Options>
                      <Option Key="HASMINMAX" Value="True" />
                      <Option Key="VALUEMIN" Value="0" />
                      <Option Key="VALUEMAX" Value="359" />
                      <Option Key="ROLLOVER" Value="True" />
                    </Options>
                  </EventActionChangeValue>
                </EventActions>
              </EventDefinition>
              <EventDefinition Trigger="TUNER_COUNTERCLOCKWISE">
                <EventActions>
                  <EventActionChangeValue TargetDataDefinition="SIMCONNECT:AUTOPILOT HEADING LOCK DIR" Value="1" ValueOperation="Decrement">
                    <Options>
                      <Option Key="HASMINMAX" Value="True" />
                      <Option Key="VALUEMIN" Value="0" />
                      <Option Key="VALUEMAX" Value="359" />
                      <Option Key="ROLLOVER" Value="True" />
                    </Options>
                  </EventActionChangeValue>
                </EventActions>
              </EventDefinition>
            </EventDefinitions>
            <Options>
              <Option Key="VALUEMIN" Value="0" />
              <Option Key="VALUEMAX" Value="359" />
              <Option Key="ROLLOVER" Value="true" />
            </Options>
          </Event>
          <Event BoundTo="MULTIPANEL_SELECTOR_CRS">
            <EventDefinitions>
              <EventDefinition Trigger="VALUEON">
                <EventActions>
                  <EventActionDisplayValue TargetDataDefinition="SIMCONNECT:NAV OBS:1" />
                </EventActions>
              </EventDefinition>
              <EventDefinition Trigger="TUNER_CLOCKWISE">
                <EventActions>
                  <EventActionChangeValue TargetDataDefinition="SIMCONNECT:NAV OBS:1" Value="1" ValueOperation="Increment">
                    <Options>
                      <Option Key="HASMINMAX" Value="True" />
                      <Option Key="VALUEMIN" Value="0" />
                      <Option Key="VALUEMAX" Value="359" />
                      <Option Key="ROLLOVER" Value="True" />
                    </Options>
                  </EventActionChangeValue>
                </EventActions>
              </EventDefinition>
              <EventDefinition Trigger="TUNER_COUNTERCLOCKWISE">
                <EventActions>
                  <EventActionChangeValue TargetDataDefinition="SIMCONNECT:NAV OBS:1" Value="1" ValueOperation="Decrement">
                    <Options>
                      <Option Key="HASMINMAX" Value="True" />
                      <Option Key="VALUEMIN" Value="0" />
                      <Option Key="VALUEMAX" Value="359" />
                      <Option Key="ROLLOVER" Value="True" />
                    </Options>
                  </EventActionChangeValue>
                </EventActions>
              </EventDefinition>
            </EventDefinitions>
            <Options>
              <Option Key="VALUEMIN" Value="0" />
              <Option Key="VALUEMAX" Value="359" />
              <Option Key="ROLLOVER" Value="true" />
            </Options>
          </Event>
          <Event BoundTo="MULTIPANEL_AUTOTHROTTLE">
            <EventDefinitions>
              <EventDefinition Trigger="PRESS">
                <EventActions>
                  <EventActionChangeValue TargetDataDefinition="SIMCONNECT:AUTOPILOT THROTTLE ARM" Value="1" />
                </EventActions>
              </EventDefinition>
              <EventDefinition Trigger="RELEASE">
                <EventActions>
                  <EventActionChangeValue TargetDataDefinition="SIMCONNECT:AUTOPILOT THROTTLE ARM" Value="0" />
                </EventActions>
              </EventDefinition>
            </EventDefinitions>
          </Event>
          <Event BoundTo="MULTIPANEL_PITCHTRIM">
            <EventDefinitions>
              <EventDefinition Trigger="NOSEDOWN">
                <EventActions>
                  <EventActionChangeValue TargetDataDefinition="SIMCONNECT:ELEVATOR TRIM POSITION" Value=".01" ValueOperation="Decrement" />
                </EventActions>
              </EventDefinition>
              <EventDefinition Trigger="NOSEUP">
                <EventActions>
                  <EventActionChangeValue TargetDataDefinition="SIMCONNECT:ELEVATOR TRIM POSITION" Value=".01" ValueOperation="Increment" />
                </EventActions>
                <Options>
                  <Option Key="ACCEL_THRESHOLD" Value="1" />
                  <Option Key="ACCEL_MULTIPLIER" Value="15" />
                </Options>
              </EventDefinition>
            </EventDefinitions>
            <Options>
              <Option Key="SENSITIVITY" Value="27" />
              <Option Key="LINEFACTOR" Value="1638" />
            </Options>
          </Event>
          <Event BoundTo="MULTIPANEL_BUTTON_AP">
            <EventDefinitions>
              <EventDefinition Trigger="BUTTONLIGHT" IsFinal="true">
                <EventConditions>
                  <EventCondition ConditionTargetValue="0" ConditionValueSource="SIMCONNECT:AUTOPILOT MASTER" />
                </EventConditions>
                <EventActions>
                  <EventActionLED />
                </EventActions>
              </EventDefinition>
              <EventDefinition Trigger="BUTTONLIGHT" IsFinal="true">
                <EventConditions>
                  <EventCondition ConditionTargetValue="1" ConditionValueSource="SIMCONNECT:AUTOPILOT MASTER" />
                </EventConditions>
                <EventActions>
                  <EventActionLED>
                    <Parameter Value="1" />
                  </EventActionLED>
                </EventActions>
              </EventDefinition>
              <EventDefinition Trigger="PRESS">
                <EventActions>
                  <EventActionChangeValue TargetDataDefinition="SIMCONNECT:AUTOPILOT MASTER" Value="1" ValueOperation="Increment">
                    <Options>
                      <Option Key="HASMINMAX" Value="True" />
                      <Option Key="VALUEMAX" Value="1" />
                      <Option Key="ROLLOVER" Value="True" />
                    </Options>
                  </EventActionChangeValue>
                </EventActions>
              </EventDefinition>
            </EventDefinitions>
          </Event>
          <Event BoundTo="MULTIPANEL_FLAPS_DOWN">
            <EventDefinitions>
              <EventDefinition Trigger="PRESS">
                <EventActions>
                  <EventActionControl TargetDataDefinition="SIMCONNECT:FLAPS_INCR" />
                </EventActions>
              </EventDefinition>
            </EventDefinitions>
            <Options>
              <Option Key="VALUEMIN" Value="0" />
              <Option Key="VALUEMAX" Value="16383" />
            </Options>
          </Event>
          <Event BoundTo="MULTIPANEL_FLAPS_UP">
            <EventDefinitions>
              <EventDefinition Trigger="PRESS">
                <EventActions>
                  <EventActionControl TargetDataDefinition="SIMCONNECT:FLAPS_DECR" />
                </EventActions>
              </EventDefinition>
            </EventDefinitions>
            <Options>
              <Option Key="VALUEMIN" Value="0" />
              <Option Key="VALUEMAX" Value="16383" />
            </Options>
          </Event>
          <Event BoundTo="MULTIPANEL_BUTTON_ALT">
            <EventDefinitions>
              <EventDefinition Trigger="PRESS">
                <EventActions>
                  <EventActionControl TargetDataDefinition="B:AUTOPILOT_ALTITUDE_BUTTON_Toggle">
                    <Parameter Value="1" />
                  </EventActionControl>
                </EventActions>
              </EventDefinition>
              <EventDefinition Trigger="BUTTONLIGHT" IsFinal="true">
                <EventConditions>
                  <EventCondition ConditionTargetValue="0" ConditionValueSource="SIMCONNECT:AUTOPILOT ALTITUDE LOCK" />
                </EventConditions>
                <EventActions>
                  <EventActionLED />
                </EventActions>
              </EventDefinition>
              <EventDefinition Trigger="BUTTONLIGHT" IsFinal="true">
                <EventConditions>
                  <EventCondition ConditionTargetValue="1" ConditionValueSource="SIMCONNECT:AUTOPILOT ALTITUDE LOCK" />
                </EventConditions>
                <EventActions>
                  <EventActionLED>
                    <Parameter Value="1" />
                  </EventActionLED>
                </EventActions>
              </EventDefinition>
              <EventDefinition Trigger="VALUEOFFSHORT">
                <EventActions>
                  <EventActionChangeValue TargetDataDefinition="SIMCONNECT:AUTOPILOT ALTITUDE LOCK" Value="0" />
                </EventActions>
              </EventDefinition>
            </EventDefinitions>
          </Event>
        </Events>
        <Extensions />
      </DevicePage>
      <Events>
        <Event BoundTo="CONFIGURE_PANEL_STATUS">
          <EventDefinitions>
            <EventDefinition Trigger="VALUE">
              <EventConditions>
                <EventCondition ConditionTargetValue="1" ConditionValueSource="SIMCONNECT:AVIONICS MASTER SWITCH" />
              </EventConditions>
              <EventActions>
                <EventActionCommand>
                  <Parameter Value="SPAD_neXt.Device_PowerON" />
                </EventActionCommand>
              </EventActions>
            </EventDefinition>
            <EventDefinition Trigger="VALUE">
              <EventConditions>
                <EventCondition ConditionTargetValue="0" ConditionValueSource="SIMCONNECT:AVIONICS MASTER SWITCH" />
              </EventConditions>
              <EventActions>
                <EventActionCommand>
                  <Parameter Value="SPAD_neXt.Device_PowerOFF" />
                </EventActionCommand>
              </EventActions>
            </EventDefinition>
          </EventDefinitions>
        </Event>
      </Events>
      <Options>
        <Option Key="Saitek.MultiPanel.ReverseTrim" Value="True" />
        <Option Key="Saitek.MultiPanel.ShowTrimAnimation" Value="True" />
        <Option Key="Saitek.MultiPanel.BindLightToMode" Value="False" />
        <Option Key="Saitek.MultiPanel.EnableVirtualPower" Value="True" />
      </Options>
      <Extensions />
    </Device>
    <Device VendorID="0x06A3" ProductID="0x0BAC" DevicePath="\\?\hid#vid_06a3&amp;pid_0bac#a&amp;2bdc8890&amp;0&amp;0000#{4d1e55b2-f16f-11cf-88cb-001111000030}" Serial="" DeviceIndex="0" Version="3">
      <DevicePage ID="72c73483-060e-4a22-94be-a6d0c6e32179" IsDefaultPage="true" Name="Default">
        <Events>
          <Event BoundTo="YOKE_AXIS_PITCH">
            <EventDefinitions>
              <EventDefinition Trigger="VALUE">
                <EventActions>
                  <EventActionRangedAxis ConfigID="LEVER_ELEVATOR">
                    <Options>
                      <Option Key="USERAWVALUE" Value="True" />
                      <Option Key="IDLE" Value="511" />
                      <Option Key="MIN" Value="0" />
                      <Option Key="MAX" Value="1023" />
                    </Options>
                  </EventActionRangedAxis>
                </EventActions>
              </EventDefinition>
            </EventDefinitions>
          </Event>
          <Event BoundTo="YOKE_AXIS_AILERON">
            <EventDefinitions>
              <EventDefinition Trigger="VALUE">
                <EventActions>
                  <EventActionRangedAxis ConfigID="LEVER_AILERONS">
                    <Options>
                      <Option Key="USERAWVALUE" Value="True" />
                      <Option Key="IDLE" Value="511" />
                      <Option Key="MAX" Value="1023" />
                      <Option Key="MIN" Value="0" />
                    </Options>
                  </EventActionRangedAxis>
                </EventActions>
              </EventDefinition>
            </EventDefinitions>
          </Event>
          <Event BoundTo="QUADRANT_LEFT_REVERSE">
            <EventDefinitions>
              <EventDefinition Trigger="HELD">
                <EventActions>
                  <EventActionControl TargetDataDefinition="SIMCONNECT:PROP_PITCH2_SET">
                    <Parameter Value="4294963200" />
                  </EventActionControl>
                </EventActions>
              </EventDefinition>
              <EventDefinition Trigger="RELEASE">
                <EventActions>
                  <EventActionControl TargetDataDefinition="SIMCONNECT:PROP_PITCH2_SET" />
                </EventActions>
              </EventDefinition>
            </EventDefinitions>
          </Event>
        </Events>
        <Extensions />
      </DevicePage>
      <Events />
      <Extensions />
    </Device>
    <Device VendorID="0x06A3" ProductID="0x0C2D" DevicePath="\\?\hid#vid_06a3&amp;pid_0c2d#a&amp;2cb84cd3&amp;0&amp;0000#{4d1e55b2-f16f-11cf-88cb-001111000030}" Serial="" DeviceIndex="0" Version="3">
      <DevicePage ID="72c73483-060e-4a22-94be-a6d0c6e32179" IsDefaultPage="true" Name="Default">
        <Events>
          <Event BoundTo="QUADRANT_LEFT_LOWER">
            <EventDefinitions>
              <EventDefinition Trigger="PRESS">
                <EventActions>
                  <EventActionControl TargetDataDefinition="SIMCONNECT:PARKING_BRAKES" />
                </EventActions>
              </EventDefinition>
            </EventDefinitions>
          </Event>
          <Event BoundTo="QUADRANT_RIGHT_REVERSE">
            <EventDefinitions>
              <EventDefinition Trigger="HELD">
                <EventActions>
                  <EventActionControl TargetDataDefinition="SIMCONNECT:PROP_PITCH1_SET">
                    <Parameter Value="4294963200" />
                  </EventActionControl>
                </EventActions>
              </EventDefinition>
              <EventDefinition Trigger="RELEASE">
                <EventActions>
                  <EventActionControl TargetDataDefinition="SIMCONNECT:PROP_PITCH1_SET" />
                </EventActions>
              </EventDefinition>
            </EventDefinitions>
          </Event>
          <Event BoundTo="QUADRANT_AXIS_MIDDLE">
            <EventDefinitions>
              <EventDefinition Trigger="VALUE">
                <EventActions>
                  <EventActionCustomAxis TargetDataDefinition="B:PRESSURIZATION_OXYGEN_Set" Value="0">
                    <Options>
                      <Option Key="ALWAYSACTIVE" Value="False" />
                      <Option Key="RANGEFROM" Value="255" />
                      <Option Key="RANGETO" Value="0" />
                      <Option Key="USEMAPPING" Value="True" />
                      <Option Key="USETRIGGERVALUE" Value="True" />
                      <Option Key="MAPTO" Value="1" />
                      <Option Key="USERAWVALUE" Value="True" />
                    </Options>
                  </EventActionCustomAxis>
                </EventActions>
              </EventDefinition>
            </EventDefinitions>
          </Event>
          <Event BoundTo="QUADRANT_AXIS_LEFT">
            <EventDefinitions>
              <EventDefinition Trigger="VALUE">
                <EventActions>
                  <EventActionRangedAxis ConfigID="LEVER_NOREVERSE_THROTTLE">
                    <Options>
                      <Option Key="USERAWVALUE" Value="True" />
                      <Option Key="OPTION1" Value="True" />
                      <Option Key="IDLE" Value="255" />
                      <Option Key="MAX" Value="0" />
                    </Options>
                  </EventActionRangedAxis>
                </EventActions>
              </EventDefinition>
            </EventDefinitions>
          </Event>
          <Event BoundTo="QUADRANT_LEFT_REVERSE">
            <EventDefinitions>
              <EventDefinition Trigger="HELD">
                <EventActions>
                  <EventActionControl TargetDataDefinition="B:ENGINE_THROTTLE_1_Set">
                    <Parameter Value="-2458" />
                  </EventActionControl>
                </EventActions>
              </EventDefinition>
              <EventDefinition Trigger="RELEASE">
                <EventActions>
                  <EventActionControl TargetDataDefinition="B:ENGINE_THROTTLE_1_Set" />
                </EventActions>
              </EventDefinition>
            </EventDefinitions>
          </Event>
        </Events>
        <Extensions />
      </DevicePage>
      <Events />
      <Extensions />
    </Device>
    <Device VendorID="0x06A3" ProductID="0x0763" DevicePath="\\?\hid#vid_06a3&amp;pid_0763#9&amp;23805f65&amp;0&amp;0000#{4d1e55b2-f16f-11cf-88cb-001111000030}" Serial="" DeviceIndex="0" Version="3">
      <DevicePage ID="72c73483-060e-4a22-94be-a6d0c6e32179" IsDefaultPage="true" Name="Default">
        <Events>
          <Event BoundTo="RZ_AXIS">
            <EventDefinitions>
              <EventDefinition Trigger="VALUE">
                <EventActions>
                  <EventActionRangedAxis ConfigID="LEVER_RUDDER">
                    <Options>
                      <Option Key="USERAWVALUE" Value="True" />
                      <Option Key="IDLE" Value="255" />
                      <Option Key="MIN" Value="511" />
                      <Option Key="MAX" Value="0" />
                    </Options>
                  </EventActionRangedAxis>
                </EventActions>
              </EventDefinition>
            </EventDefinitions>
          </Event>
          <Event BoundTo="Y_AXIS">
            <EventDefinitions>
              <EventDefinition Trigger="VALUE">
                <EventActions>
                  <EventActionRangedAxis ConfigID="LEVER_BRAKERIGHT">
                    <Options>
                      <Option Key="USERAWVALUE" Value="True" />
                      <Option Key="MIN" Value="0" />
                      <Option Key="MAX" Value="127" />
                    </Options>
                  </EventActionRangedAxis>
                </EventActions>
              </EventDefinition>
            </EventDefinitions>
          </Event>
          <Event BoundTo="X_AXIS">
            <EventDefinitions>
              <EventDefinition Trigger="VALUE">
                <EventActions>
                  <EventActionRangedAxis ConfigID="LEVER_BRAKELEFT">
                    <Options>
                      <Option Key="USERAWVALUE" Value="True" />
                      <Option Key="MIN" Value="0" />
                      <Option Key="MAX" Value="127" />
                    </Options>
                  </EventActionRangedAxis>
                </EventActions>
              </EventDefinition>
            </EventDefinitions>
          </Event>
        </Events>
        <Extensions />
      </DevicePage>
      <Events />
      <Extensions />
    </Device>
    <Device VendorID="0xFFFF" ProductID="0xFFFF" DevicePath="0xFFFF_0xFFFF" DeviceIndex="0" Version="3">
      <DevicePage ID="72c73483-060e-4a22-94be-a6d0c6e32179" IsDefaultPage="true" Name="Default">
        <Events>
          <Event BoundTo="SCRIPT_1_1">
            <EventDefinitions>
              <EventDefinition Trigger="VALUE">
                <EventConditions>
                  <EventCondition ConditionTargetValue="1" ConditionValueSource="LVAR:TABLET_BTN_BAGAGE_DOOR" />
                  <EventCondition ConditionComparator="Unequal" ConditionTargetValue="100" ConditionValueSource="LVAR:CARAUX_EXIT_OPEN2" />
                </EventConditions>
                <EventActions>
                  <EventActionChangeValue TargetDataDefinition="LVAR:CARAUX_EXIT_OPEN2" Value="12" ValueOperation="Increment">
                    <Options>
                      <Option Key="HASMINMAX" Value="True" />
                      <Option Key="VALUEMAX" Value="100" />
                    </Options>
                  </EventActionChangeValue>
                </EventActions>
              </EventDefinition>
            </EventDefinitions>
            <Options>
              <Option Key="NAME" Value="bagageDoorOpen" />
            </Options>
          </Event>
        </Events>
        <Extensions />
      </DevicePage>
      <Events />
      <Extensions />
    </Device>
  </Devices>
  <Options>
    <Option Key="Saitek.BIP.EnableVirtualPower" Value="True" />
    <Option Key="Saitek.BIP.Brightness" Value="50" />
    <Option Key="Saitek.FIP.EnableVirtualPower" Value="True" />
    <Option Key="Saitek.FIP.DefaultPagingButtons" Value="True" />
    <Option Key="Saitek.FIP.PagingButtonsOn" Value="True" />
    <Option Key="Saitek.RadioPanel.EnableVirtualPower" Value="True" />
    <Option Key="Saitek.SwitchPanel.RaiseOnFirst" Value="False" />
    <Option Key="Saitek.SwitchPanel.SwapRL" Value="True" />
    <Option Key="Saitek.SwitchPanel.EnableVirtualPower" Value="True" />
    <Option Key="Saitek.TrimWheel.ReverseTrim" Value="True" />
    <Option Key="Ultimarc.PacDrive.EnableVirtualPower" Value="True" />
    <Option Key="Ultimarc.PacLed64.EnableVirtualPower" Value="True" />
    <Option Key="Ultimarc.PacLed64.Brightness" Value="128" />
  </Options>
  <ProfileInformation ProfileID="5fd68099-8685-4dc4-9d0a-2317c9e2087d" Version="0.33">
    <Author>fergatron</Author>
    <Description>&lt;HTML&gt;&lt;BODY&gt;&lt;DIV STYLE="text-align:Left;font-family:Segoe UI;font-style:normal;font-weight:normal;font-size:13;color:#D1D1D1;"&gt;&lt;DIV&gt;&lt;DIV&gt;&lt;P&gt;&lt;SPAN&gt;Carenado Pilatus PC-12 NGX&lt;/SPAN&gt;&lt;/P&gt;&lt;P&gt;&lt;SPAN&gt;Microsoft Flight Simulator 2024&lt;/SPAN&gt;&lt;/P&gt;&lt;P&gt;&lt;SPAN&gt;Complete Saitek setup&lt;/SPAN&gt;&lt;/P&gt;&lt;P&gt;&lt;SPAN /&gt;&lt;/P&gt;&lt;P&gt;&lt;SPAN&gt;PRO YOKE&lt;/SPAN&gt;&lt;/P&gt;&lt;P&gt;&lt;SPAN&gt;QUADRANT (LEFT)&lt;/SPAN&gt;&lt;/P&gt;&lt;UL&gt;&lt;LI&gt;&lt;P&gt;&lt;SPAN&gt;Button T2: Parking Brakes&lt;/SPAN&gt;&lt;/P&gt;&lt;/LI&gt;&lt;LI&gt;&lt;P&gt;&lt;SPAN&gt;Left Lever: Throttle without Reverser (Engine 1)&lt;/SPAN&gt;&lt;/P&gt;&lt;/LI&gt;&lt;LI&gt;&lt;P&gt;&lt;SPAN&gt;Middle Lever: Pressurization Oxygen (lever)&lt;/SPAN&gt;&lt;/P&gt;&lt;/LI&gt;&lt;/UL&gt;&lt;P&gt;&lt;SPAN&gt;QUADRANT (RIGHT)&lt;/SPAN&gt;&lt;/P&gt;&lt;P&gt;&lt;SPAN&gt;SAITEK PRO FLIGHT RUDDER PEDALS&lt;/SPAN&gt;&lt;/P&gt;&lt;P&gt;&lt;SPAN&gt;MULTI PANEL&lt;/SPAN&gt;&lt;/P&gt;&lt;P&gt;&lt;SPAN&gt;PRO SWITCH PANEL&lt;/SPAN&gt;&lt;/P&gt;&lt;P&gt;&lt;SPAN&gt;RADIO PANEL&lt;/SPAN&gt;&lt;/P&gt;&lt;/DIV&gt;&lt;/DIV&gt;&lt;/DIV&gt;&lt;/BODY&gt;&lt;/HTML&gt;</Description>
    <LastChanged>2025-02-06T22:40:31.4453638-05:00</LastChanged>
  </ProfileInformation>
</Profile>